id,name,group,groupLabel,groupNumber,order,image,card,sourceMark,sourceKind,region,regionCode,regionMotif,presentationLogo
meridian_air,Meridian Air,classic-prestige,Classic / Prestige,1,1,/assets/airline-identities/approved-250/runtime-logos/classic-prestige/meridian_air.png,/assets/airline-identities/approved-250/cards/classic-prestige/meridian_air.webp,/assets/airline-identities/approved-250/source-marks/classic-prestige/meridian_air.png,completed-procedural,Global,GLB,category-led,/assets/airline-identities/approved-250/logos/classic-prestige/meridian_air.webp
sovereign_wings,Sovereign Wings,classic-prestige,Classic / Prestige,1,2,/assets/airline-identities/approved-250/runtime-logos/classic-prestige/sovereign_wings.png,/assets/airline-identities/approved-250/cards/classic-prestige/sovereign_wings.webp,/assets/airline-identities/approved-250/source-marks/classic-prestige/sovereign_wings.png,completed-procedural,Global,GLB,category-led,/assets/airline-identities/approved-250/logos/classic-prestige/sovereign_wings.webp
apex_airlines,Apex Airlines,classic-prestige,Classic / Prestige,1,3,/assets/airline-identities/approved-250/runtime-logos/classic-prestige/apex_airlines.png,/assets/airline-identities/approved-250/cards/classic-prestige/apex_airlines.webp,/assets/airline-identities/approved-250/source-marks/classic-prestige/apex_airlines.png,completed-procedural,Global,GLB,category-led,/assets/airline-identities/approved-250/logos/classic-prestige/apex_airlines.webp
crown_air,Crown Air,classic-prestige,Classic / Prestige,1,4,/assets/airline-identities/approved-250/runtime-logos/classic-prestige/crown_air.png,/assets/airline-identities/approved-250/cards/classic-prestige/crown_air.webp,/assets/airline-identities/approved-250/source-marks/classic-prestige/crown_air.png,completed-procedural,Global,GLB,category-led,/assets/airline-identities/approved-250/logos/classic-prestige/crown_air.webp
pinnacle_airways,Pinnacle Airways,classic-prestige,Classic / Prestige,1,5,/assets/airline-identities/approved-250/runtime-logos/classic-prestige/pinnacle_airways.png,/assets/airline-identities/approved-250/cards/classic-prestige/pinnacle_airways.webp,/assets/airline-identities/approved-250/source-marks/classic-prestige/pinnacle_airways.png,completed-procedural,Global,GLB,category-led,/assets/airline-identities/approved-250/logos/classic-prestige/pinnacle_airways.webp
prestige_air,Prestige Air,classic-prestige,Classic / Prestige,1,6,/assets/airline-identities/approved-250/runtime-logos/classic-prestige/prestige_air.png,/assets/airline-identities/approved-250/cards/classic-prestige/prestige_air.webp,/assets/airline-identities/approved-250/source-marks/classic-prestige/prestige_air.png,completed-procedural,Global,GLB,category-led,/assets/airline-identities/approved-250/logos/classic-prestige/prestige_air.webp
regency_airlines,Regency Airlines,classic-prestige,Classic / Prestige,1,7,/assets/airline-identities/approved-250/runtime-logos/classic-prestige/regency_airlines.png,/assets/airline-identities/approved-250/cards/classic-prestige/regency_airlines.webp,/assets/airline-identities/approved-250/source-marks/classic-prestige/regency_airlines.png,completed-procedural,Global,GLB,category-led,/assets/airline-identities/approved-250/logos/classic-prestige/regency_airlines.webp
imperial_airways,Imperial Airways,classic-prestige,Classic / Prestige,1,8,/assets/airline-identities/approved-250/runtime-logos/classic-prestige/imperial_airways.png,/assets/airline-identities/approved-250/cards/classic-prestige/imperial_airways.webp,/assets/airline-identities/approved-250/source-marks/classic-prestige/imperial_airways.png,completed-procedural,Global,GLB,category-led,/assets/airline-identities/approved-250/logos/classic-prestige/imperial_airways.webp
elite_air,Elite Air,classic-prestige,Classic / Prestige,1,9,/assets/airline-identities/approved-250/runtime-logos/classic-prestige/elite_air.png,/assets/airline-identities/approved-250/cards/classic-prestige/elite_air.webp,/assets/airline-identities/approved-250/source-marks/classic-prestige/elite_air.png,completed-procedural,Global,GLB,category-led,/assets/airline-identities/approved-250/logos/classic-prestige/elite_air.webp
majestic_airlines,Majestic Airlines,classic-prestige,Classic / Prestige,1,10,/assets/airline-identities/approved-250/runtime-logos/classic-prestige/majestic_airlines.png,/assets/airline-identities/approved-250/cards/classic-prestige/majestic_airlines.webp,/assets/airline-identities/approved-250/source-marks/classic-prestige/majestic_airlines.png,completed-procedural,Global,GLB,category-led,/assets/airline-identities/approved-250/logos/classic-prestige/majestic_airlines.webp
noble_air,Noble Air,classic-prestige,Classic / Prestige,1,11,/assets/airline-identities/approved-250/runtime-logos/classic-prestige/noble_air.png,/assets/airline-identities/approved-250/cards/classic-prestige/noble_air.webp,/assets/airline-identities/approved-250/source-marks/classic-prestige/noble_air.png,completed-procedural,Global,GLB,category-led,/assets/airline-identities/approved-250/logos/classic-prestige/noble_air.webp
grand_airways,Grand Airways,classic-prestige,Classic / Prestige,1,12,/assets/airline-identities/approved-250/runtime-logos/classic-prestige/grand_airways.png,/assets/airline-identities/approved-250/cards/classic-prestige/grand_airways.webp,/assets/airline-identities/approved-250/source-marks/classic-prestige/grand_airways.png,completed-procedural,Global,GLB,category-led,/assets/airline-identities/approved-250/logos/classic-prestige/grand_airways.webp
regal_airlines,Regal Airlines,classic-prestige,Classic / Prestige,1,13,/assets/airline-identities/approved-250/runtime-logos/classic-prestige/regal_airlines.png,/assets/airline-identities/approved-250/cards/classic-prestige/regal_airlines.webp,/assets/airline-identities/approved-250/source-marks/classic-prestige/regal_airlines.png,completed-procedural,Global,GLB,category-led,/assets/airline-identities/approved-250/logos/classic-prestige/regal_airlines.webp
crest_air,Crest Air,classic-prestige,Classic / Prestige,1,14,/assets/airline-identities/approved-250/runtime-logos/classic-prestige/crest_air.png,/assets/airline-identities/approved-250/cards/classic-prestige/crest_air.webp,/assets/airline-identities/approved-250/source-marks/classic-prestige/crest_air.png,completed-procedural,Global,GLB,category-led,/assets/airline-identities/approved-250/logos/classic-prestige/crest_air.webp
vanguard_airlines,Vanguard Airlines,classic-prestige,Classic / Prestige,1,15,/assets/airline-identities/approved-250/runtime-logos/classic-prestige/vanguard_airlines.png,/assets/airline-identities/approved-250/cards/classic-prestige/vanguard_airlines.webp,/assets/airline-identities/approved-250/source-marks/classic-prestige/vanguard_airlines.png,completed-procedural,Global,GLB,category-led,/assets/airline-identities/approved-250/logos/classic-prestige/vanguard_airlines.webp
heritage_air,Heritage Air,classic-prestige,Classic / Prestige,1,16,/assets/airline-identities/approved-250/runtime-logos/classic-prestige/heritage_air.png,/assets/airline-identities/approved-250/cards/classic-prestige/heritage_air.webp,/assets/airline-identities/approved-250/source-marks/classic-prestige/heritage_air.png,completed-procedural,Global,GLB,category-led,/assets/airline-identities/approved-250/logos/classic-prestige/heritage_air.webp
legacy_airlines,Legacy Airlines,classic-prestige,Classic / Prestige,1,17,/assets/airline-identities/approved-250/runtime-logos/classic-prestige/legacy_airlines.png,/assets/airline-identities/approved-250/cards/classic-prestige/legacy_airlines.webp,/assets/airline-identities/approved-250/source-marks/classic-prestige/legacy_airlines.png,completed-procedural,Global,GLB,category-led,/assets/airline-identities/approved-250/logos/classic-prestige/legacy_airlines.webp
premier_airways,Premier Airways,classic-prestige,Classic / Prestige,1,18,/assets/airline-identities/approved-250/runtime-logos/classic-prestige/premier_airways.png,/assets/airline-identities/approved-250/cards/classic-prestige/premier_airways.webp,/assets/airline-identities/approved-250/source-marks/classic-prestige/premier_airways.png,completed-procedural,Global,GLB,category-led,/assets/airline-identities/approved-250/logos/classic-prestige/premier_airways.webp
distinction_air,Distinction Air,classic-prestige,Classic / Prestige,1,19,/assets/airline-identities/approved-250/runtime-logos/classic-prestige/distinction_air.png,/assets/airline-identities/approved-250/cards/classic-prestige/distinction_air.webp,/assets/airline-identities/approved-250/source-marks/classic-prestige/distinction_air.png,completed-procedural,Global,GLB,category-led,/assets/airline-identities/approved-250/logos/classic-prestige/distinction_air.webp
dominion_airlines,Dominion Airlines,classic-prestige,Classic / Prestige,1,20,/assets/airline-identities/approved-250/runtime-logos/classic-prestige/dominion_airlines.png,/assets/airline-identities/approved-250/cards/classic-prestige/dominion_airlines.webp,/assets/airline-identities/approved-250/source-marks/classic-prestige/dominion_airlines.png,completed-procedural,Global,GLB,category-led,/assets/airline-identities/approved-250/logos/classic-prestige/dominion_airlines.webp
prestige_global_air,Prestige Global Air,classic-prestige,Classic / Prestige,1,21,/assets/airline-identities/approved-250/runtime-logos/classic-prestige/prestige_global_air.png,/assets/airline-identities/approved-250/cards/classic-prestige/prestige_global_air.webp,/assets/airline-identities/approved-250/source-marks/classic-prestige/prestige_global_air.png,completed-procedural,Global,GLB,category-led,/assets/airline-identities/approved-250/logos/classic-prestige/prestige_global_air.webp
laurel_airways,Laurel Airways,classic-prestige,Classic / Prestige,1,22,/assets/airline-identities/approved-250/runtime-logos/classic-prestige/laurel_airways.png,/assets/airline-identities/approved-250/cards/classic-prestige/laurel_airways.webp,/assets/airline-identities/approved-250/source-marks/classic-prestige/laurel_airways.png,completed-procedural,Global,GLB,category-led,/assets/airline-identities/approved-250/logos/classic-prestige/laurel_airways.webp
emblem_airlines,Emblem Airlines,classic-prestige,Classic / Prestige,1,23,/assets/airline-identities/approved-250/runtime-logos/classic-prestige/emblem_airlines.png,/assets/airline-identities/approved-250/cards/classic-prestige/emblem_airlines.webp,/assets/airline-identities/approved-250/source-marks/classic-prestige/emblem_airlines.png,completed-procedural,Global,GLB,category-led,/assets/airline-identities/approved-250/logos/classic-prestige/emblem_airlines.webp
crestline_air,Crestline Air,classic-prestige,Classic / Prestige,1,24,/assets/airline-identities/approved-250/runtime-logos/classic-prestige/crestline_air.png,/assets/airline-identities/approved-250/cards/classic-prestige/crestline_air.webp,/assets/airline-identities/approved-250/source-marks/classic-prestige/crestline_air.png,completed-procedural,Global,GLB,category-led,/assets/airline-identities/approved-250/logos/classic-prestige/crestline_air.webp
sovereign_sky,Sovereign Sky,classic-prestige,Classic / Prestige,1,25,/assets/airline-identities/approved-250/runtime-logos/classic-prestige/sovereign_sky.png,/assets/airline-identities/approved-250/cards/classic-prestige/sovereign_sky.webp,/assets/airline-identities/approved-250/source-marks/classic-prestige/sovereign_sky.png,completed-procedural,Global,GLB,category-led,/assets/airline-identities/approved-250/logos/classic-prestige/sovereign_sky.webp
pacific_rim_air,Pacific Rim Air,geographic-regional,Geographic / Regional,2,1,/assets/airline-identities/approved-250/runtime-logos/geographic-regional/pacific_rim_air.png,/assets/airline-identities/approved-250/cards/geographic-regional/pacific_rim_air.webp,/assets/airline-identities/approved-250/source-marks/geographic-regional/pacific_rim_air.png,completed-regional-procedural,Pacific Rim,PAC,wave-sun,/assets/airline-identities/approved-250/logos/geographic-regional/pacific_rim_air.webp
atlantic_span,Atlantic Span,geographic-regional,Geographic / Regional,2,2,/assets/airline-identities/approved-250/runtime-logos/geographic-regional/atlantic_span.png,/assets/airline-identities/approved-250/cards/geographic-regional/atlantic_span.webp,/assets/airline-identities/approved-250/source-marks/geographic-regional/atlantic_span.png,completed-regional-procedural,North Atlantic,ATL,bridge-wave,/assets/airline-identities/approved-250/logos/geographic-regional/atlantic_span.webp
sahara_wings,Sahara Wings,geographic-regional,Geographic / Regional,2,3,/assets/airline-identities/approved-250/runtime-logos/geographic-regional/sahara_wings.png,/assets/airline-identities/approved-250/cards/geographic-regional/sahara_wings.webp,/assets/airline-identities/approved-250/source-marks/geographic-regional/sahara_wings.png,completed-regional-procedural,Sahara,SAH,dunes-sun,/assets/airline-identities/approved-250/logos/geographic-regional/sahara_wings.webp
nordic_sky,Nordic Sky,geographic-regional,Geographic / Regional,2,4,/assets/airline-identities/approved-250/runtime-logos/geographic-regional/nordic_sky.png,/assets/airline-identities/approved-250/cards/geographic-regional/nordic_sky.webp,/assets/airline-identities/approved-250/source-marks/geographic-regional/nordic_sky.png,completed-regional-procedural,Nordic,NOR,aurora-star,/assets/airline-identities/approved-250/logos/geographic-regional/nordic_sky.webp
adriatic_air,Adriatic Air,geographic-regional,Geographic / Regional,2,5,/assets/airline-identities/approved-250/runtime-logos/geographic-regional/adriatic_air.png,/assets/airline-identities/approved-250/cards/geographic-regional/adriatic_air.webp,/assets/airline-identities/approved-250/source-marks/geographic-regional/adriatic_air.png,completed-regional-procedural,Adriatic,ADR,sail-wave,/assets/airline-identities/approved-250/logos/geographic-regional/adriatic_air.webp
andean_airways,Andean Airways,geographic-regional,Geographic / Regional,2,6,/assets/airline-identities/approved-250/runtime-logos/geographic-regional/andean_airways.png,/assets/airline-identities/approved-250/cards/geographic-regional/andean_airways.webp,/assets/airline-identities/approved-250/source-marks/geographic-regional/andean_airways.png,completed-regional-procedural,Andes,AND,peaks-condor,/assets/airline-identities/approved-250/logos/geographic-regional/andean_airways.webp
cascadia_airlines,Cascadia Airlines,geographic-regional,Geographic / Regional,2,7,/assets/airline-identities/approved-250/runtime-logos/geographic-regional/cascadia_airlines.png,/assets/airline-identities/approved-250/cards/geographic-regional/cascadia_airlines.webp,/assets/airline-identities/approved-250/source-marks/geographic-regional/cascadia_airlines.png,completed-regional-procedural,Cascadia,CSC,evergreen-peak,/assets/airline-identities/approved-250/logos/geographic-regional/cascadia_airlines.webp
levant_air,Levant Air,geographic-regional,Geographic / Regional,2,8,/assets/airline-identities/approved-250/runtime-logos/geographic-regional/levant_air.png,/assets/airline-identities/approved-250/cards/geographic-regional/levant_air.webp,/assets/airline-identities/approved-250/source-marks/geographic-regional/levant_air.png,completed-regional-procedural,Levant,LEV,cedar-sun,/assets/airline-identities/approved-250/logos/geographic-regional/levant_air.webp
iberian_wings,Iberian Wings,geographic-regional,Geographic / Regional,2,9,/assets/airline-identities/approved-250/runtime-logos/geographic-regional/iberian_wings.png,/assets/airline-identities/approved-250/cards/geographic-regional/iberian_wings.webp,/assets/airline-identities/approved-250/source-marks/geographic-regional/iberian_wings.png,completed-regional-procedural,Iberia,IBR,sun-fan,/assets/airline-identities/approved-250/logos/geographic-regional/iberian_wings.webp
baltic_air,Baltic Air,geographic-regional,Geographic / Regional,2,10,/assets/airline-identities/approved-250/runtime-logos/geographic-regional/baltic_air.png,/assets/airline-identities/approved-250/cards/geographic-regional/baltic_air.webp,/assets/airline-identities/approved-250/source-marks/geographic-regional/baltic_air.png,completed-regional-procedural,Baltic,BAL,amber-pine,/assets/airline-identities/approved-250/logos/geographic-regional/baltic_air.webp
monsoon_airways,Monsoon Airways,geographic-regional,Geographic / Regional,2,11,/assets/airline-identities/approved-250/runtime-logos/geographic-regional/monsoon_airways.png,/assets/airline-identities/approved-250/cards/geographic-regional/monsoon_airways.webp,/assets/airline-identities/approved-250/source-marks/geographic-regional/monsoon_airways.png,completed-regional-procedural,Monsoon Asia,MON,rain-cloud,/assets/airline-identities/approved-250/logos/geographic-regional/monsoon_airways.webp
steppe_airlines,Steppe Airlines,geographic-regional,Geographic / Regional,2,12,/assets/airline-identities/approved-250/runtime-logos/geographic-regional/steppe_airlines.png,/assets/airline-identities/approved-250/cards/geographic-regional/steppe_airlines.webp,/assets/airline-identities/approved-250/source-marks/geographic-regional/steppe_airlines.png,completed-regional-procedural,Eurasian Steppe,STP,wind-horizon,/assets/airline-identities/approved-250/logos/geographic-regional/steppe_airlines.webp
caspian_air,Caspian Air,geographic-regional,Geographic / Regional,2,13,/assets/airline-identities/approved-250/runtime-logos/geographic-regional/caspian_air.png,/assets/airline-identities/approved-250/cards/geographic-regional/caspian_air.webp,/assets/airline-identities/approved-250/source-marks/geographic-regional/caspian_air.png,completed-regional-procedural,Caspian,CSP,sea-star,/assets/airline-identities/approved-250/logos/geographic-regional/caspian_air.webp
patagonia_airways,Patagonia Airways,geographic-regional,Geographic / Regional,2,14,/assets/airline-identities/approved-250/runtime-logos/geographic-regional/patagonia_airways.png,/assets/airline-identities/approved-250/cards/geographic-regional/patagonia_airways.webp,/assets/airline-identities/approved-250/source-marks/geographic-regional/patagonia_airways.png,completed-regional-procedural,Patagonia,PAT,peaks-wind,/assets/airline-identities/approved-250/logos/geographic-regional/patagonia_airways.webp
tundra_airlines,Tundra Airlines,geographic-regional,Geographic / Regional,2,15,/assets/airline-identities/approved-250/runtime-logos/geographic-regional/tundra_airlines.png,/assets/airline-identities/approved-250/cards/geographic-regional/tundra_airlines.webp,/assets/airline-identities/approved-250/source-marks/geographic-regional/tundra_airlines.png,completed-regional-procedural,Tundra,TUN,snow-horizon,/assets/airline-identities/approved-250/logos/geographic-regional/tundra_airlines.webp
coral_sea_air,Coral Sea Air,geographic-regional,Geographic / Regional,2,16,/assets/airline-identities/approved-250/runtime-logos/geographic-regional/coral_sea_air.png,/assets/airline-identities/approved-250/cards/geographic-regional/coral_sea_air.webp,/assets/airline-identities/approved-250/source-marks/geographic-regional/coral_sea_air.png,completed-regional-procedural,Coral Sea,COR,coral-wave,/assets/airline-identities/approved-250/logos/geographic-regional/coral_sea_air.webp
savanna_wings,Savanna Wings,geographic-regional,Geographic / Regional,2,17,/assets/airline-identities/approved-250/runtime-logos/geographic-regional/savanna_wings.png,/assets/airline-identities/approved-250/cards/geographic-regional/savanna_wings.webp,/assets/airline-identities/approved-250/source-marks/geographic-regional/savanna_wings.png,completed-regional-procedural,Savanna,SAV,acacia-sun,/assets/airline-identities/approved-250/logos/geographic-regional/savanna_wings.webp
arctic_circle_airlines,Arctic Circle Airlines,geographic-regional,Geographic / Regional,2,18,/assets/airline-identities/approved-250/runtime-logos/geographic-regional/arctic_circle_airlines.png,/assets/airline-identities/approved-250/cards/geographic-regional/arctic_circle_airlines.webp,/assets/airline-identities/approved-250/source-marks/geographic-regional/arctic_circle_airlines.png,completed-regional-procedural,Arctic Circle,ARC,polar-star,/assets/airline-identities/approved-250/logos/geographic-regional/arctic_circle_airlines.webp
aegean_span,Aegean Span,geographic-regional,Geographic / Regional,2,19,/assets/airline-identities/approved-250/runtime-logos/geographic-regional/aegean_span.png,/assets/airline-identities/approved-250/cards/geographic-regional/aegean_span.webp,/assets/airline-identities/approved-250/source-marks/geographic-regional/aegean_span.png,completed-regional-procedural,Aegean,AEG,column-wave,/assets/airline-identities/approved-250/logos/geographic-regional/aegean_span.webp
tropic_air,Tropic Air,geographic-regional,Geographic / Regional,2,20,/assets/airline-identities/approved-250/runtime-logos/geographic-regional/tropic_air.png,/assets/airline-identities/approved-250/cards/geographic-regional/tropic_air.webp,/assets/airline-identities/approved-250/source-marks/geographic-regional/tropic_air.png,completed-regional-procedural,Tropics,TRO,palm-sun,/assets/airline-identities/approved-250/logos/geographic-regional/tropic_air.webp
boreal_airways,Boreal Airways,geographic-regional,Geographic / Regional,2,21,/assets/airline-identities/approved-250/runtime-logos/geographic-regional/boreal_airways.png,/assets/airline-identities/approved-250/cards/geographic-regional/boreal_airways.webp,/assets/airline-identities/approved-250/source-marks/geographic-regional/boreal_airways.png,completed-regional-procedural,Boreal,BOR,aurora-pine,/assets/airline-identities/approved-250/logos/geographic-regional/boreal_airways.webp
outback_airlines,Outback Airlines,geographic-regional,Geographic / Regional,2,22,/assets/airline-identities/approved-250/runtime-logos/geographic-regional/outback_airlines.png,/assets/airline-identities/approved-250/cards/geographic-regional/outback_airlines.webp,/assets/airline-identities/approved-250/source-marks/geographic-regional/outback_airlines.png,completed-regional-procedural,Australian Outback,OUT,mesa-sun,/assets/airline-identities/approved-250/logos/geographic-regional/outback_airlines.webp
pampa_air,Pampa Air,geographic-regional,Geographic / Regional,2,23,/assets/airline-identities/approved-250/runtime-logos/geographic-regional/pampa_air.png,/assets/airline-identities/approved-250/cards/geographic-regional/pampa_air.webp,/assets/airline-identities/approved-250/source-marks/geographic-regional/pampa_air.png,completed-regional-procedural,Pampas,PAM,grass-horizon,/assets/airline-identities/approved-250/logos/geographic-regional/pampa_air.webp
fjord_airlines,Fjord Airlines,geographic-regional,Geographic / Regional,2,24,/assets/airline-identities/approved-250/runtime-logos/geographic-regional/fjord_airlines.png,/assets/airline-identities/approved-250/cards/geographic-regional/fjord_airlines.webp,/assets/airline-identities/approved-250/source-marks/geographic-regional/fjord_airlines.png,completed-regional-procedural,Fjords,FJR,fjord-cliffs,/assets/airline-identities/approved-250/logos/geographic-regional/fjord_airlines.webp
taiga_airways,Taiga Airways,geographic-regional,Geographic / Regional,2,25,/assets/airline-identities/approved-250/runtime-logos/geographic-regional/taiga_airways.png,/assets/airline-identities/approved-250/cards/geographic-regional/taiga_airways.webp,/assets/airline-identities/approved-250/source-marks/geographic-regional/taiga_airways.png,completed-regional-procedural,Taiga,TAI,taiga-pines,/assets/airline-identities/approved-250/logos/geographic-regional/taiga_airways.webp
velocity_airlines,Velocity Airlines,speed-motion,Speed / Motion,3,1,/assets/airline-identities/approved-250/runtime-logos/speed-motion/velocity_airlines.png,/assets/airline-identities/approved-250/cards/speed-motion/velocity_airlines.webp,/assets/airline-identities/approved-250/source-marks/speed-motion/velocity_airlines.png,reused-existing,Global,GLB,category-led,/assets/airline-identities/approved-250/logos/speed-motion/velocity_airlines.webp
surge_air,Surge Air,speed-motion,Speed / Motion,3,2,/assets/airline-identities/approved-250/runtime-logos/speed-motion/surge_air.png,/assets/airline-identities/approved-250/cards/speed-motion/surge_air.webp,/assets/airline-identities/approved-250/source-marks/speed-motion/surge_air.png,reused-existing,Global,GLB,category-led,/assets/airline-identities/approved-250/logos/speed-motion/surge_air.webp
propel_airways,Propel Airways,speed-motion,Speed / Motion,3,3,/assets/airline-identities/approved-250/runtime-logos/speed-motion/propel_airways.png,/assets/airline-identities/approved-250/cards/speed-motion/propel_airways.webp,/assets/airline-identities/approved-250/source-marks/speed-motion/propel_airways.png,reused-existing,Global,GLB,category-led,/assets/airline-identities/approved-250/logos/speed-motion/propel_airways.webp
thrust_airlines,Thrust Airlines,speed-motion,Speed / Motion,3,4,/assets/airline-identities/approved-250/runtime-logos/speed-motion/thrust_airlines.png,/assets/airline-identities/approved-250/cards/speed-motion/thrust_airlines.webp,/assets/airline-identities/approved-250/source-marks/speed-motion/thrust_airlines.png,reused-existing,Global,GLB,category-led,/assets/airline-identities/approved-250/logos/speed-motion/thrust_airlines.webp
momentum_air,Momentum Air,speed-motion,Speed / Motion,3,5,/assets/airline-identities/approved-250/runtime-logos/speed-motion/momentum_air.png,/assets/airline-identities/approved-250/cards/speed-motion/momentum_air.webp,/assets/airline-identities/approved-250/source-marks/speed-motion/momentum_air.png,reused-existing,Global,GLB,category-led,/assets/airline-identities/approved-250/logos/speed-motion/momentum_air.webp
blaze_airlines,Blaze Airlines,speed-motion,Speed / Motion,3,6,/assets/airline-identities/approved-250/runtime-logos/speed-motion/blaze_airlines.png,/assets/airline-identities/approved-250/cards/speed-motion/blaze_airlines.webp,/assets/airline-identities/approved-250/source-marks/speed-motion/blaze_airlines.png,reused-existing,Global,GLB,category-led,/assets/airline-identities/approved-250/logos/speed-motion/blaze_airlines.webp
swift_air,Swift Air,speed-motion,Speed / Motion,3,7,/assets/airline-identities/approved-250/runtime-logos/speed-motion/swift_air.png,/assets/airline-identities/approved-250/cards/speed-motion/swift_air.webp,/assets/airline-identities/approved-250/source-marks/speed-motion/swift_air.png,reused-existing,Global,GLB,category-led,/assets/airline-identities/approved-250/logos/speed-motion/swift_air.webp
dash_airways,Dash Airways,speed-motion,Speed / Motion,3,8,/assets/airline-identities/approved-250/runtime-logos/speed-motion/dash_airways.png,/assets/airline-identities/approved-250/cards/speed-motion/dash_airways.webp,/assets/airline-identities/approved-250/source-marks/speed-motion/dash_airways.png,reused-existing,Global,GLB,category-led,/assets/airline-identities/approved-250/logos/speed-motion/dash_airways.webp
sprint_airlines,Sprint Airlines,speed-motion,Speed / Motion,3,9,/assets/airline-identities/approved-250/runtime-logos/speed-motion/sprint_airlines.png,/assets/airline-identities/approved-250/cards/speed-motion/sprint_airlines.webp,/assets/airline-identities/approved-250/source-marks/speed-motion/sprint_airlines.png,reused-existing,Global,GLB,category-led,/assets/airline-identities/approved-250/logos/speed-motion/sprint_airlines.webp
torque_air,Torque Air,speed-motion,Speed / Motion,3,10,/assets/airline-identities/approved-250/runtime-logos/speed-motion/torque_air.png,/assets/airline-identities/approved-250/cards/speed-motion/torque_air.webp,/assets/airline-identities/approved-250/source-marks/speed-motion/torque_air.png,reused-existing,Global,GLB,category-led,/assets/airline-identities/approved-250/logos/speed-motion/torque_air.webp
flux_airlines,Flux Airlines,speed-motion,Speed / Motion,3,11,/assets/airline-identities/approved-250/runtime-logos/speed-motion/flux_airlines.png,/assets/airline-identities/approved-250/cards/speed-motion/flux_airlines.webp,/assets/airline-identities/approved-250/source-marks/speed-motion/flux_airlines.png,reused-existing,Global,GLB,category-led,/assets/airline-identities/approved-250/logos/speed-motion/flux_airlines.webp
rapid_wings,Rapid Wings,speed-motion,Speed / Motion,3,12,/assets/airline-identities/approved-250/runtime-logos/speed-motion/rapid_wings.png,/assets/airline-identities/approved-250/cards/speed-motion/rapid_wings.webp,/assets/airline-identities/approved-250/source-marks/speed-motion/rapid_wings.png,reused-existing,Global,GLB,category-led,/assets/airline-identities/approved-250/logos/speed-motion/rapid_wings.webp
accelerate_air,Accelerate Air,speed-motion,Speed / Motion,3,13,/assets/airline-identities/approved-250/runtime-logos/speed-motion/accelerate_air.png,/assets/airline-identities/approved-250/cards/speed-motion/accelerate_air.webp,/assets/airline-identities/approved-250/source-marks/speed-motion/accelerate_air.png,completed-caption-safe-procedural,Global,GLB,category-led,/assets/airline-identities/approved-250/logos/speed-motion/accelerate_air.webp
kinetic_airlines,Kinetic Airlines,speed-motion,Speed / Motion,3,14,/assets/airline-identities/approved-250/runtime-logos/speed-motion/kinetic_airlines.png,/assets/airline-identities/approved-250/cards/speed-motion/kinetic_airlines.webp,/assets/airline-identities/approved-250/source-marks/speed-motion/kinetic_airlines.png,completed-caption-safe-procedural,Global,GLB,category-led,/assets/airline-identities/approved-250/logos/speed-motion/kinetic_airlines.webp
impulse_airways,Impulse Airways,speed-motion,Speed / Motion,3,15,/assets/airline-identities/approved-250/runtime-logos/speed-motion/impulse_airways.png,/assets/airline-identities/approved-250/cards/speed-motion/impulse_airways.webp,/assets/airline-identities/approved-250/source-marks/speed-motion/impulse_airways.png,completed-caption-safe-procedural,Global,GLB,category-led,/assets/airline-identities/approved-250/logos/speed-motion/impulse_airways.webp
bolt_air,Bolt Air,speed-motion,Speed / Motion,3,16,/assets/airline-identities/approved-250/runtime-logos/speed-motion/bolt_air.png,/assets/airline-identities/approved-250/cards/speed-motion/bolt_air.webp,/assets/airline-identities/approved-250/source-marks/speed-motion/bolt_air.png,completed-caption-safe-procedural,Global,GLB,category-led,/assets/airline-identities/approved-250/logos/speed-motion/bolt_air.webp
overdrive_airlines,Overdrive Airlines,speed-motion,Speed / Motion,3,17,/assets/airline-identities/approved-250/runtime-logos/speed-motion/overdrive_airlines.png,/assets/airline-identities/approved-250/cards/speed-motion/overdrive_airlines.webp,/assets/airline-identities/approved-250/source-marks/speed-motion/overdrive_airlines.png,completed-caption-safe-procedural,Global,GLB,category-led,/assets/airline-identities/approved-250/logos/speed-motion/overdrive_airlines.webp
mach_airways,Mach Airways,speed-motion,Speed / Motion,3,18,/assets/airline-identities/approved-250/runtime-logos/speed-motion/mach_airways.png,/assets/airline-identities/approved-250/cards/speed-motion/mach_airways.webp,/assets/airline-identities/approved-250/source-marks/speed-motion/mach_airways.png,completed-caption-safe-procedural,Global,GLB,category-led,/assets/airline-identities/approved-250/logos/speed-motion/mach_airways.webp
warp_airlines,Warp Airlines,speed-motion,Speed / Motion,3,19,/assets/airline-identities/approved-250/runtime-logos/speed-motion/warp_airlines.png,/assets/airline-identities/approved-250/cards/speed-motion/warp_airlines.webp,/assets/airline-identities/approved-250/source-marks/speed-motion/warp_airlines.png,completed-procedural,Global,GLB,category-led,/assets/airline-identities/approved-250/logos/speed-motion/warp_airlines.webp
brisk_air,Brisk Air,speed-motion,Speed / Motion,3,20,/assets/airline-identities/approved-250/runtime-logos/speed-motion/brisk_air.png,/assets/airline-identities/approved-250/cards/speed-motion/brisk_air.webp,/assets/airline-identities/approved-250/source-marks/speed-motion/brisk_air.png,completed-procedural,Global,GLB,category-led,/assets/airline-identities/approved-250/logos/speed-motion/brisk_air.webp
afterburn_airlines,Afterburn Airlines,speed-motion,Speed / Motion,3,21,/assets/airline-identities/approved-250/runtime-logos/speed-motion/afterburn_airlines.png,/assets/airline-identities/approved-250/cards/speed-motion/afterburn_airlines.webp,/assets/airline-identities/approved-250/source-marks/speed-motion/afterburn_airlines.png,completed-procedural,Global,GLB,category-led,/assets/airline-identities/approved-250/logos/speed-motion/afterburn_airlines.webp
ignition_air,Ignition Air,speed-motion,Speed / Motion,3,22,/assets/airline-identities/approved-250/runtime-logos/speed-motion/ignition_air.png,/assets/airline-identities/approved-250/cards/speed-motion/ignition_air.webp,/assets/airline-identities/approved-250/source-marks/speed-motion/ignition_air.png,completed-procedural,Global,GLB,category-led,/assets/airline-identities/approved-250/logos/speed-motion/ignition_air.webp
drive_airways,Drive Airways,speed-motion,Speed / Motion,3,23,/assets/airline-identities/approved-250/runtime-logos/speed-motion/drive_airways.png,/assets/airline-identities/approved-250/cards/speed-motion/drive_airways.webp,/assets/airline-identities/approved-250/source-marks/speed-motion/drive_airways.png,completed-procedural,Global,GLB,category-led,/assets/airline-identities/approved-250/logos/speed-motion/drive_airways.webp
flare_airlines,Flare Airlines,speed-motion,Speed / Motion,3,24,/assets/airline-identities/approved-250/runtime-logos/speed-motion/flare_airlines.png,/assets/airline-identities/approved-250/cards/speed-motion/flare_airlines.webp,/assets/airline-identities/approved-250/source-marks/speed-motion/flare_airlines.png,completed-procedural,Global,GLB,category-led,/assets/airline-identities/approved-250/logos/speed-motion/flare_airlines.webp
apex_velocity_air,Apex Velocity Air,speed-motion,Speed / Motion,3,25,/assets/airline-identities/approved-250/runtime-logos/speed-motion/apex_velocity_air.png,/assets/airline-identities/approved-250/cards/speed-motion/apex_velocity_air.webp,/assets/airline-identities/approved-250/source-marks/speed-motion/apex_velocity_air.png,completed-procedural,Global,GLB,category-led,/assets/airline-identities/approved-250/logos/speed-motion/apex_velocity_air.webp
horizon_air,Horizon Air,nature-sky,Nature / Sky,4,1,/assets/airline-identities/approved-250/runtime-logos/nature-sky/horizon_air.png,/assets/airline-identities/approved-250/cards/nature-sky/horizon_air.webp,/assets/airline-identities/approved-250/source-marks/nature-sky/horizon_air.png,reused-existing,Global,GLB,category-led,/assets/airline-identities/approved-250/logos/nature-sky/horizon_air.webp
cumulus_airlines,Cumulus Airlines,nature-sky,Nature / Sky,4,2,/assets/airline-identities/approved-250/runtime-logos/nature-sky/cumulus_airlines.png,/assets/airline-identities/approved-250/cards/nature-sky/cumulus_airlines.webp,/assets/airline-identities/approved-250/source-marks/nature-sky/cumulus_airlines.png,reused-existing,Global,GLB,category-led,/assets/airline-identities/approved-250/logos/nature-sky/cumulus_airlines.webp
solstice_airways,Solstice Airways,nature-sky,Nature / Sky,4,3,/assets/airline-identities/approved-250/runtime-logos/nature-sky/solstice_airways.png,/assets/airline-identities/approved-250/cards/nature-sky/solstice_airways.webp,/assets/airline-identities/approved-250/source-marks/nature-sky/solstice_airways.png,reused-existing,Global,GLB,category-led,/assets/airline-identities/approved-250/logos/nature-sky/solstice_airways.webp
aurora_airlines,Aurora Airlines,nature-sky,Nature / Sky,4,4,/assets/airline-identities/approved-250/runtime-logos/nature-sky/aurora_airlines.png,/assets/airline-identities/approved-250/cards/nature-sky/aurora_airlines.webp,/assets/airline-identities/approved-250/source-marks/nature-sky/aurora_airlines.png,reused-existing,Global,GLB,category-led,/assets/airline-identities/approved-250/logos/nature-sky/aurora_airlines.webp
zephyr_air,Zephyr Air,nature-sky,Nature / Sky,4,5,/assets/airline-identities/approved-250/runtime-logos/nature-sky/zephyr_air.png,/assets/airline-identities/approved-250/cards/nature-sky/zephyr_air.webp,/assets/airline-identities/approved-250/source-marks/nature-sky/zephyr_air.png,reused-existing,Global,GLB,category-led,/assets/airline-identities/approved-250/logos/nature-sky/zephyr_air.webp
equinox_airlines,Equinox Airlines,nature-sky,Nature / Sky,4,6,/assets/airline-identities/approved-250/runtime-logos/nature-sky/equinox_airlines.png,/assets/airline-identities/approved-250/cards/nature-sky/equinox_airlines.webp,/assets/airline-identities/approved-250/source-marks/nature-sky/equinox_airlines.png,reused-existing,Global,GLB,category-led,/assets/airline-identities/approved-250/logos/nature-sky/equinox_airlines.webp
nimbus_airways,Nimbus Airways,nature-sky,Nature / Sky,4,7,/assets/airline-identities/approved-250/runtime-logos/nature-sky/nimbus_airways.png,/assets/airline-identities/approved-250/cards/nature-sky/nimbus_airways.webp,/assets/airline-identities/approved-250/source-marks/nature-sky/nimbus_airways.png,reused-existing,Global,GLB,category-led,/assets/airline-identities/approved-250/logos/nature-sky/nimbus_airways.webp
stratus_air,Stratus Air,nature-sky,Nature / Sky,4,8,/assets/airline-identities/approved-250/runtime-logos/nature-sky/stratus_air.png,/assets/airline-identities/approved-250/cards/nature-sky/stratus_air.webp,/assets/airline-identities/approved-250/source-marks/nature-sky/stratus_air.png,completed-caption-safe-procedural,Global,GLB,category-led,/assets/airline-identities/approved-250/logos/nature-sky/stratus_air.webp
cirrus_airlines,Cirrus Airlines,nature-sky,Nature / Sky,4,9,/assets/airline-identities/approved-250/runtime-logos/nature-sky/cirrus_airlines.png,/assets/airline-identities/approved-250/cards/nature-sky/cirrus_airlines.webp,/assets/airline-identities/approved-250/source-marks/nature-sky/cirrus_airlines.png,reused-existing,Global,GLB,category-led,/assets/airline-identities/approved-250/logos/nature-sky/cirrus_airlines.webp
solara_airways,Solara Airways,nature-sky,Nature / Sky,4,10,/assets/airline-identities/approved-250/runtime-logos/nature-sky/solara_airways.png,/assets/airline-identities/approved-250/cards/nature-sky/solara_airways.webp,/assets/airline-identities/approved-250/source-marks/nature-sky/solara_airways.png,reused-existing,Global,GLB,category-led,/assets/airline-identities/approved-250/logos/nature-sky/solara_airways.webp
gale_air,Gale Air,nature-sky,Nature / Sky,4,11,/assets/airline-identities/approved-250/runtime-logos/nature-sky/gale_air.png,/assets/airline-identities/approved-250/cards/nature-sky/gale_air.webp,/assets/airline-identities/approved-250/source-marks/nature-sky/gale_air.png,reused-existing,Global,GLB,category-led,/assets/airline-identities/approved-250/logos/nature-sky/gale_air.webp
tempest_airlines,Tempest Airlines,nature-sky,Nature / Sky,4,12,/assets/airline-identities/approved-250/runtime-logos/nature-sky/tempest_airlines.png,/assets/airline-identities/approved-250/cards/nature-sky/tempest_airlines.webp,/assets/airline-identities/approved-250/source-marks/nature-sky/tempest_airlines.png,reused-existing,Global,GLB,category-led,/assets/airline-identities/approved-250/logos/nature-sky/tempest_airlines.webp
mistral_airways,Mistral Airways,nature-sky,Nature / Sky,4,13,/assets/airline-identities/approved-250/runtime-logos/nature-sky/mistral_airways.png,/assets/airline-identities/approved-250/cards/nature-sky/mistral_airways.webp,/assets/airline-identities/approved-250/source-marks/nature-sky/mistral_airways.png,reused-existing,Global,GLB,category-led,/assets/airline-identities/approved-250/logos/nature-sky/mistral_airways.webp
sirocco_air,Sirocco Air,nature-sky,Nature / Sky,4,14,/assets/airline-identities/approved-250/runtime-logos/nature-sky/sirocco_air.png,/assets/airline-identities/approved-250/cards/nature-sky/sirocco_air.webp,/assets/airline-identities/approved-250/source-marks/nature-sky/sirocco_air.png,reused-existing,Global,GLB,category-led,/assets/airline-identities/approved-250/logos/nature-sky/sirocco_air.webp
chinook_airlines,Chinook Airlines,nature-sky,Nature / Sky,4,15,/assets/airline-identities/approved-250/runtime-logos/nature-sky/chinook_airlines.png,/assets/airline-identities/approved-250/cards/nature-sky/chinook_airlines.webp,/assets/airline-identities/approved-250/source-marks/nature-sky/chinook_airlines.png,reused-existing,Global,GLB,category-led,/assets/airline-identities/approved-250/logos/nature-sky/chinook_airlines.webp
foehn_airways,Foehn Airways,nature-sky,Nature / Sky,4,16,/assets/airline-identities/approved-250/runtime-logos/nature-sky/foehn_airways.png,/assets/airline-identities/approved-250/cards/nature-sky/foehn_airways.webp,/assets/airline-identities/approved-250/source-marks/nature-sky/foehn_airways.png,reused-existing,Global,GLB,category-led,/assets/airline-identities/approved-250/logos/nature-sky/foehn_airways.webp
haboob_air,Haboob Air,nature-sky,Nature / Sky,4,17,/assets/airline-identities/approved-250/runtime-logos/nature-sky/haboob_air.png,/assets/airline-identities/approved-250/cards/nature-sky/haboob_air.webp,/assets/airline-identities/approved-250/source-marks/nature-sky/haboob_air.png,reused-existing,Global,GLB,category-led,/assets/airline-identities/approved-250/logos/nature-sky/haboob_air.webp
bora_airlines,Bora Airlines,nature-sky,Nature / Sky,4,18,/assets/airline-identities/approved-250/runtime-logos/nature-sky/bora_airlines.png,/assets/airline-identities/approved-250/cards/nature-sky/bora_airlines.webp,/assets/airline-identities/approved-250/source-marks/nature-sky/bora_airlines.png,reused-existing,Global,GLB,category-led,/assets/airline-identities/approved-250/logos/nature-sky/bora_airlines.webp
levante_airways,Levante Airways,nature-sky,Nature / Sky,4,19,/assets/airline-identities/approved-250/runtime-logos/nature-sky/levante_airways.png,/assets/airline-identities/approved-250/cards/nature-sky/levante_airways.webp,/assets/airline-identities/approved-250/source-marks/nature-sky/levante_airways.png,reused-existing,Global,GLB,category-led,/assets/airline-identities/approved-250/logos/nature-sky/levante_airways.webp
tramontane_air,Tramontane Air,nature-sky,Nature / Sky,4,20,/assets/airline-identities/approved-250/runtime-logos/nature-sky/tramontane_air.png,/assets/airline-identities/approved-250/cards/nature-sky/tramontane_air.webp,/assets/airline-identities/approved-250/source-marks/nature-sky/tramontane_air.png,reused-existing,Global,GLB,category-led,/assets/airline-identities/approved-250/logos/nature-sky/tramontane_air.webp
etesian_airlines,Etesian Airlines,nature-sky,Nature / Sky,4,21,/assets/airline-identities/approved-250/runtime-logos/nature-sky/etesian_airlines.png,/assets/airline-identities/approved-250/cards/nature-sky/etesian_airlines.webp,/assets/airline-identities/approved-250/source-marks/nature-sky/etesian_airlines.png,reused-existing,Global,GLB,category-led,/assets/airline-identities/approved-250/logos/nature-sky/etesian_airlines.webp
thermal_airways,Thermal Airways,nature-sky,Nature / Sky,4,22,/assets/airline-identities/approved-250/runtime-logos/nature-sky/thermal_airways.png,/assets/airline-identities/approved-250/cards/nature-sky/thermal_airways.webp,/assets/airline-identities/approved-250/source-marks/nature-sky/thermal_airways.png,reused-existing,Global,GLB,category-led,/assets/airline-identities/approved-250/logos/nature-sky/thermal_airways.webp
radiance_air,Radiance Air,nature-sky,Nature / Sky,4,23,/assets/airline-identities/approved-250/runtime-logos/nature-sky/radiance_air.png,/assets/airline-identities/approved-250/cards/nature-sky/radiance_air.webp,/assets/airline-identities/approved-250/source-marks/nature-sky/radiance_air.png,reused-existing,Global,GLB,category-led,/assets/airline-identities/approved-250/logos/nature-sky/radiance_air.webp
luminos_airlines,Luminos Airlines,nature-sky,Nature / Sky,4,24,/assets/airline-identities/approved-250/runtime-logos/nature-sky/luminos_airlines.png,/assets/airline-identities/approved-250/cards/nature-sky/luminos_airlines.webp,/assets/airline-identities/approved-250/source-marks/nature-sky/luminos_airlines.png,reused-existing,Global,GLB,category-led,/assets/airline-identities/approved-250/logos/nature-sky/luminos_airlines.webp
crestwave_air,Crestwave Air,nature-sky,Nature / Sky,4,25,/assets/airline-identities/approved-250/runtime-logos/nature-sky/crestwave_air.png,/assets/airline-identities/approved-250/cards/nature-sky/crestwave_air.webp,/assets/airline-identities/approved-250/source-marks/nature-sky/crestwave_air.png,reused-existing,Global,GLB,category-led,/assets/airline-identities/approved-250/logos/nature-sky/crestwave_air.webp
nova_airlines,Nova Airlines,bold-modern,Bold / Modern,5,1,/assets/airline-identities/approved-250/runtime-logos/bold-modern/nova_airlines.png,/assets/airline-identities/approved-250/cards/bold-modern/nova_airlines.webp,/assets/airline-identities/approved-250/source-marks/bold-modern/nova_airlines.png,reused-existing,Global,GLB,category-led,/assets/airline-identities/approved-250/logos/bold-modern/nova_airlines.webp
zenith_air,Zenith Air,bold-modern,Bold / Modern,5,2,/assets/airline-identities/approved-250/runtime-logos/bold-modern/zenith_air.png,/assets/airline-identities/approved-250/cards/bold-modern/zenith_air.webp,/assets/airline-identities/approved-250/source-marks/bold-modern/zenith_air.png,reused-existing,Global,GLB,category-led,/assets/airline-identities/approved-250/logos/bold-modern/zenith_air.webp
apex_global,Apex Global,bold-modern,Bold / Modern,5,3,/assets/airline-identities/approved-250/runtime-logos/bold-modern/apex_global.png,/assets/airline-identities/approved-250/cards/bold-modern/apex_global.webp,/assets/airline-identities/approved-250/source-marks/bold-modern/apex_global.png,reused-existing,Global,GLB,category-led,/assets/airline-identities/approved-250/logos/bold-modern/apex_global.webp
nexus_airways,Nexus Airways,bold-modern,Bold / Modern,5,4,/assets/airline-identities/approved-250/runtime-logos/bold-modern/nexus_airways.png,/assets/airline-identities/approved-250/cards/bold-modern/nexus_airways.webp,/assets/airline-identities/approved-250/source-marks/bold-modern/nexus_airways.png,reused-existing,Global,GLB,category-led,/assets/airline-identities/approved-250/logos/bold-modern/nexus_airways.webp
vertex_airlines,Vertex Airlines,bold-modern,Bold / Modern,5,5,/assets/airline-identities/approved-250/runtime-logos/bold-modern/vertex_airlines.png,/assets/airline-identities/approved-250/cards/bold-modern/vertex_airlines.webp,/assets/airline-identities/approved-250/source-marks/bold-modern/vertex_airlines.png,reused-existing,Global,GLB,category-led,/assets/airline-identities/approved-250/logos/bold-modern/vertex_airlines.webp
axis_air,Axis Air,bold-modern,Bold / Modern,5,6,/assets/airline-identities/approved-250/runtime-logos/bold-modern/axis_air.png,/assets/airline-identities/approved-250/cards/bold-modern/axis_air.webp,/assets/airline-identities/approved-250/source-marks/bold-modern/axis_air.png,reused-existing,Global,GLB,category-led,/assets/airline-identities/approved-250/logos/bold-modern/axis_air.webp
cipher_airlines,Cipher Airlines,bold-modern,Bold / Modern,5,7,/assets/airline-identities/approved-250/runtime-logos/bold-modern/cipher_airlines.png,/assets/airline-identities/approved-250/cards/bold-modern/cipher_airlines.webp,/assets/airline-identities/approved-250/source-marks/bold-modern/cipher_airlines.png,completed-caption-safe-procedural,Global,GLB,category-led,/assets/airline-identities/approved-250/logos/bold-modern/cipher_airlines.webp
vector_airways,Vector Airways,bold-modern,Bold / Modern,5,8,/assets/airline-identities/approved-250/runtime-logos/bold-modern/vector_airways.png,/assets/airline-identities/approved-250/cards/bold-modern/vector_airways.webp,/assets/airline-identities/approved-250/source-marks/bold-modern/vector_airways.png,completed-caption-safe-procedural,Global,GLB,category-led,/assets/airline-identities/approved-250/logos/bold-modern/vector_airways.webp
prism_air,Prism Air,bold-modern,Bold / Modern,5,9,/assets/airline-identities/approved-250/runtime-logos/bold-modern/prism_air.png,/assets/airline-identities/approved-250/cards/bold-modern/prism_air.webp,/assets/airline-identities/approved-250/source-marks/bold-modern/prism_air.png,completed-caption-safe-procedural,Global,GLB,category-led,/assets/airline-identities/approved-250/logos/bold-modern/prism_air.webp
quasar_airlines,Quasar Airlines,bold-modern,Bold / Modern,5,10,/assets/airline-identities/approved-250/runtime-logos/bold-modern/quasar_airlines.png,/assets/airline-identities/approved-250/cards/bold-modern/quasar_airlines.webp,/assets/airline-identities/approved-250/source-marks/bold-modern/quasar_airlines.png,completed-caption-safe-procedural,Global,GLB,category-led,/assets/airline-identities/approved-250/logos/bold-modern/quasar_airlines.webp
helix_airways,Helix Airways,bold-modern,Bold / Modern,5,11,/assets/airline-identities/approved-250/runtime-logos/bold-modern/helix_airways.png,/assets/airline-identities/approved-250/cards/bold-modern/helix_airways.webp,/assets/airline-identities/approved-250/source-marks/bold-modern/helix_airways.png,completed-caption-safe-procedural,Global,GLB,category-led,/assets/airline-identities/approved-250/logos/bold-modern/helix_airways.webp
matrix_air,Matrix Air,bold-modern,Bold / Modern,5,12,/assets/airline-identities/approved-250/runtime-logos/bold-modern/matrix_air.png,/assets/airline-identities/approved-250/cards/bold-modern/matrix_air.webp,/assets/airline-identities/approved-250/source-marks/bold-modern/matrix_air.png,completed-runtime-caption-safe-procedural,Global,GLB,category-led,/assets/airline-identities/approved-250/logos/bold-modern/matrix_air.webp
orbit_airlines,Orbit Airlines,bold-modern,Bold / Modern,5,13,/assets/airline-identities/approved-250/runtime-logos/bold-modern/orbit_airlines.png,/assets/airline-identities/approved-250/cards/bold-modern/orbit_airlines.webp,/assets/airline-identities/approved-250/source-marks/bold-modern/orbit_airlines.png,completed-caption-safe-procedural,Global,GLB,category-led,/assets/airline-identities/approved-250/logos/bold-modern/orbit_airlines.webp
axial_airways,Axial Airways,bold-modern,Bold / Modern,5,14,/assets/airline-identities/approved-250/runtime-logos/bold-modern/axial_airways.png,/assets/airline-identities/approved-250/cards/bold-modern/axial_airways.webp,/assets/airline-identities/approved-250/source-marks/bold-modern/axial_airways.png,completed-caption-safe-procedural,Global,GLB,category-led,/assets/airline-identities/approved-250/logos/bold-modern/axial_airways.webp
polaris_air,Polaris Air,bold-modern,Bold / Modern,5,15,/assets/airline-identities/approved-250/runtime-logos/bold-modern/polaris_air.png,/assets/airline-identities/approved-250/cards/bold-modern/polaris_air.webp,/assets/airline-identities/approved-250/source-marks/bold-modern/polaris_air.png,completed-caption-safe-procedural,Global,GLB,category-led,/assets/airline-identities/approved-250/logos/bold-modern/polaris_air.webp
meridian_nova,Meridian Nova,bold-modern,Bold / Modern,5,16,/assets/airline-identities/approved-250/runtime-logos/bold-modern/meridian_nova.png,/assets/airline-identities/approved-250/cards/bold-modern/meridian_nova.webp,/assets/airline-identities/approved-250/source-marks/bold-modern/meridian_nova.png,completed-caption-safe-procedural,Global,GLB,category-led,/assets/airline-identities/approved-250/logos/bold-modern/meridian_nova.webp
vortex_airlines,Vortex Airlines,bold-modern,Bold / Modern,5,17,/assets/airline-identities/approved-250/runtime-logos/bold-modern/vortex_airlines.png,/assets/airline-identities/approved-250/cards/bold-modern/vortex_airlines.webp,/assets/airline-identities/approved-250/source-marks/bold-modern/vortex_airlines.png,completed-caption-safe-procedural,Global,GLB,category-led,/assets/airline-identities/approved-250/logos/bold-modern/vortex_airlines.webp
lattice_air,Lattice Air,bold-modern,Bold / Modern,5,18,/assets/airline-identities/approved-250/runtime-logos/bold-modern/lattice_air.png,/assets/airline-identities/approved-250/cards/bold-modern/lattice_air.webp,/assets/airline-identities/approved-250/source-marks/bold-modern/lattice_air.png,completed-caption-safe-procedural,Global,GLB,category-led,/assets/airline-identities/approved-250/logos/bold-modern/lattice_air.webp
fractal_airways,Fractal Airways,bold-modern,Bold / Modern,5,19,/assets/airline-identities/approved-250/runtime-logos/bold-modern/fractal_airways.png,/assets/airline-identities/approved-250/cards/bold-modern/fractal_airways.webp,/assets/airline-identities/approved-250/source-marks/bold-modern/fractal_airways.png,completed-caption-safe-procedural,Global,GLB,category-led,/assets/airline-identities/approved-250/logos/bold-modern/fractal_airways.webp
cipher_air,Cipher Air,bold-modern,Bold / Modern,5,20,/assets/airline-identities/approved-250/runtime-logos/bold-modern/cipher_air.png,/assets/airline-identities/approved-250/cards/bold-modern/cipher_air.webp,/assets/airline-identities/approved-250/source-marks/bold-modern/cipher_air.png,completed-caption-safe-procedural,Global,GLB,category-led,/assets/airline-identities/approved-250/logos/bold-modern/cipher_air.webp
tesseract_airlines,Tesseract Airlines,bold-modern,Bold / Modern,5,21,/assets/airline-identities/approved-250/runtime-logos/bold-modern/tesseract_airlines.png,/assets/airline-identities/approved-250/cards/bold-modern/tesseract_airlines.webp,/assets/airline-identities/approved-250/source-marks/bold-modern/tesseract_airlines.png,completed-caption-safe-procedural,Global,GLB,category-led,/assets/airline-identities/approved-250/logos/bold-modern/tesseract_airlines.webp
parallax_air,Parallax Air,bold-modern,Bold / Modern,5,22,/assets/airline-identities/approved-250/runtime-logos/bold-modern/parallax_air.png,/assets/airline-identities/approved-250/cards/bold-modern/parallax_air.webp,/assets/airline-identities/approved-250/source-marks/bold-modern/parallax_air.png,completed-caption-safe-procedural,Global,GLB,category-led,/assets/airline-identities/approved-250/logos/bold-modern/parallax_air.webp
fulcrum_airways,Fulcrum Airways,bold-modern,Bold / Modern,5,23,/assets/airline-identities/approved-250/runtime-logos/bold-modern/fulcrum_airways.png,/assets/airline-identities/approved-250/cards/bold-modern/fulcrum_airways.webp,/assets/airline-identities/approved-250/source-marks/bold-modern/fulcrum_airways.png,completed-caption-safe-procedural,Global,GLB,category-led,/assets/airline-identities/approved-250/logos/bold-modern/fulcrum_airways.webp
cascade_airlines,Cascade Airlines,bold-modern,Bold / Modern,5,24,/assets/airline-identities/approved-250/runtime-logos/bold-modern/cascade_airlines.png,/assets/airline-identities/approved-250/cards/bold-modern/cascade_airlines.webp,/assets/airline-identities/approved-250/source-marks/bold-modern/cascade_airlines.png,completed-caption-safe-procedural,Global,GLB,category-led,/assets/airline-identities/approved-250/logos/bold-modern/cascade_airlines.webp
spectra_air,Spectra Air,bold-modern,Bold / Modern,5,25,/assets/airline-identities/approved-250/runtime-logos/bold-modern/spectra_air.png,/assets/airline-identities/approved-250/cards/bold-modern/spectra_air.webp,/assets/airline-identities/approved-250/source-marks/bold-modern/spectra_air.png,completed-runtime-caption-safe-procedural,Global,GLB,category-led,/assets/airline-identities/approved-250/logos/bold-modern/spectra_air.webp
icarus_airlines,Icarus Airlines,mythological-epic,Mythological / Epic,6,1,/assets/airline-identities/approved-250/runtime-logos/mythological-epic/icarus_airlines.png,/assets/airline-identities/approved-250/cards/mythological-epic/icarus_airlines.webp,/assets/airline-identities/approved-250/source-marks/mythological-epic/icarus_airlines.png,reused-existing,Global,GLB,category-led,/assets/airline-identities/approved-250/logos/mythological-epic/icarus_airlines.webp
hermes_airways,Hermes Airways,mythological-epic,Mythological / Epic,6,2,/assets/airline-identities/approved-250/runtime-logos/mythological-epic/hermes_airways.png,/assets/airline-identities/approved-250/cards/mythological-epic/hermes_airways.webp,/assets/airline-identities/approved-250/source-marks/mythological-epic/hermes_airways.png,reused-existing,Global,GLB,category-led,/assets/airline-identities/approved-250/logos/mythological-epic/hermes_airways.webp
pegasus_air,Pegasus Air,mythological-epic,Mythological / Epic,6,3,/assets/airline-identities/approved-250/runtime-logos/mythological-epic/pegasus_air.png,/assets/airline-identities/approved-250/cards/mythological-epic/pegasus_air.webp,/assets/airline-identities/approved-250/source-marks/mythological-epic/pegasus_air.png,reused-existing,Global,GLB,category-led,/assets/airline-identities/approved-250/logos/mythological-epic/pegasus_air.webp
atlas_airlines,Atlas Airlines,mythological-epic,Mythological / Epic,6,4,/assets/airline-identities/approved-250/runtime-logos/mythological-epic/atlas_airlines.png,/assets/airline-identities/approved-250/cards/mythological-epic/atlas_airlines.webp,/assets/airline-identities/approved-250/source-marks/mythological-epic/atlas_airlines.png,reused-existing,Global,GLB,category-led,/assets/airline-identities/approved-250/logos/mythological-epic/atlas_airlines.webp
olympus_airways,Olympus Airways,mythological-epic,Mythological / Epic,6,5,/assets/airline-identities/approved-250/runtime-logos/mythological-epic/olympus_airways.png,/assets/airline-identities/approved-250/cards/mythological-epic/olympus_airways.webp,/assets/airline-identities/approved-250/source-marks/mythological-epic/olympus_airways.png,reused-existing,Global,GLB,category-led,/assets/airline-identities/approved-250/logos/mythological-epic/olympus_airways.webp
phoenix_air,Phoenix Air,mythological-epic,Mythological / Epic,6,6,/assets/airline-identities/approved-250/runtime-logos/mythological-epic/phoenix_air.png,/assets/airline-identities/approved-250/cards/mythological-epic/phoenix_air.webp,/assets/airline-identities/approved-250/source-marks/mythological-epic/phoenix_air.png,reused-existing,Global,GLB,category-led,/assets/airline-identities/approved-250/logos/mythological-epic/phoenix_air.webp
griffin_airlines,Griffin Airlines,mythological-epic,Mythological / Epic,6,7,/assets/airline-identities/approved-250/runtime-logos/mythological-epic/griffin_airlines.png,/assets/airline-identities/approved-250/cards/mythological-epic/griffin_airlines.webp,/assets/airline-identities/approved-250/source-marks/mythological-epic/griffin_airlines.png,reused-existing,Global,GLB,category-led,/assets/airline-identities/approved-250/logos/mythological-epic/griffin_airlines.webp
titan_airways,Titan Airways,mythological-epic,Mythological / Epic,6,8,/assets/airline-identities/approved-250/runtime-logos/mythological-epic/titan_airways.png,/assets/airline-identities/approved-250/cards/mythological-epic/titan_airways.webp,/assets/airline-identities/approved-250/source-marks/mythological-epic/titan_airways.png,reused-existing,Global,GLB,category-led,/assets/airline-identities/approved-250/logos/mythological-epic/titan_airways.webp
helios_air,Helios Air,mythological-epic,Mythological / Epic,6,9,/assets/airline-identities/approved-250/runtime-logos/mythological-epic/helios_air.png,/assets/airline-identities/approved-250/cards/mythological-epic/helios_air.webp,/assets/airline-identities/approved-250/source-marks/mythological-epic/helios_air.png,reused-existing,Global,GLB,category-led,/assets/airline-identities/approved-250/logos/mythological-epic/helios_air.webp
aeolus_airlines,Aeolus Airlines,mythological-epic,Mythological / Epic,6,10,/assets/airline-identities/approved-250/runtime-logos/mythological-epic/aeolus_airlines.png,/assets/airline-identities/approved-250/cards/mythological-epic/aeolus_airlines.webp,/assets/airline-identities/approved-250/source-marks/mythological-epic/aeolus_airlines.png,reused-existing,Global,GLB,category-led,/assets/airline-identities/approved-250/logos/mythological-epic/aeolus_airlines.webp
zephyros_air,Zephyros Air,mythological-epic,Mythological / Epic,6,11,/assets/airline-identities/approved-250/runtime-logos/mythological-epic/zephyros_air.png,/assets/airline-identities/approved-250/cards/mythological-epic/zephyros_air.webp,/assets/airline-identities/approved-250/source-marks/mythological-epic/zephyros_air.png,reused-existing,Global,GLB,category-led,/assets/airline-identities/approved-250/logos/mythological-epic/zephyros_air.webp
boreas_airways,Boreas Airways,mythological-epic,Mythological / Epic,6,12,/assets/airline-identities/approved-250/runtime-logos/mythological-epic/boreas_airways.png,/assets/airline-identities/approved-250/cards/mythological-epic/boreas_airways.webp,/assets/airline-identities/approved-250/source-marks/mythological-epic/boreas_airways.png,reused-existing,Global,GLB,category-led,/assets/airline-identities/approved-250/logos/mythological-epic/boreas_airways.webp
selene_airlines,Selene Airlines,mythological-epic,Mythological / Epic,6,13,/assets/airline-identities/approved-250/runtime-logos/mythological-epic/selene_airlines.png,/assets/airline-identities/approved-250/cards/mythological-epic/selene_airlines.webp,/assets/airline-identities/approved-250/source-marks/mythological-epic/selene_airlines.png,reused-existing,Global,GLB,category-led,/assets/airline-identities/approved-250/logos/mythological-epic/selene_airlines.webp
hyperion_air,Hyperion Air,mythological-epic,Mythological / Epic,6,14,/assets/airline-identities/approved-250/runtime-logos/mythological-epic/hyperion_air.png,/assets/airline-identities/approved-250/cards/mythological-epic/hyperion_air.webp,/assets/airline-identities/approved-250/source-marks/mythological-epic/hyperion_air.png,reused-existing,Global,GLB,category-led,/assets/airline-identities/approved-250/logos/mythological-epic/hyperion_air.webp
aether_airlines,Aether Airlines,mythological-epic,Mythological / Epic,6,15,/assets/airline-identities/approved-250/runtime-logos/mythological-epic/aether_airlines.png,/assets/airline-identities/approved-250/cards/mythological-epic/aether_airlines.webp,/assets/airline-identities/approved-250/source-marks/mythological-epic/aether_airlines.png,reused-existing,Global,GLB,category-led,/assets/airline-identities/approved-250/logos/mythological-epic/aether_airlines.webp
valkyrie_airways,Valkyrie Airways,mythological-epic,Mythological / Epic,6,16,/assets/airline-identities/approved-250/runtime-logos/mythological-epic/valkyrie_airways.png,/assets/airline-identities/approved-250/cards/mythological-epic/valkyrie_airways.webp,/assets/airline-identities/approved-250/source-marks/mythological-epic/valkyrie_airways.png,reused-existing,Global,GLB,category-led,/assets/airline-identities/approved-250/logos/mythological-epic/valkyrie_airways.webp
odin_air,Odin Air,mythological-epic,Mythological / Epic,6,17,/assets/airline-identities/approved-250/runtime-logos/mythological-epic/odin_air.png,/assets/airline-identities/approved-250/cards/mythological-epic/odin_air.webp,/assets/airline-identities/approved-250/source-marks/mythological-epic/odin_air.png,reused-existing,Global,GLB,category-led,/assets/airline-identities/approved-250/logos/mythological-epic/odin_air.webp
fenrir_airlines,Fenrir Airlines,mythological-epic,Mythological / Epic,6,18,/assets/airline-identities/approved-250/runtime-logos/mythological-epic/fenrir_airlines.png,/assets/airline-identities/approved-250/cards/mythological-epic/fenrir_airlines.webp,/assets/airline-identities/approved-250/source-marks/mythological-epic/fenrir_airlines.png,reused-existing,Global,GLB,category-led,/assets/airline-identities/approved-250/logos/mythological-epic/fenrir_airlines.webp
mjolnir_airways,Mjolnir Airways,mythological-epic,Mythological / Epic,6,19,/assets/airline-identities/approved-250/runtime-logos/mythological-epic/mjolnir_airways.png,/assets/airline-identities/approved-250/cards/mythological-epic/mjolnir_airways.webp,/assets/airline-identities/approved-250/source-marks/mythological-epic/mjolnir_airways.png,reused-existing,Global,GLB,category-led,/assets/airline-identities/approved-250/logos/mythological-epic/mjolnir_airways.webp
sleipnir_air,Sleipnir Air,mythological-epic,Mythological / Epic,6,20,/assets/airline-identities/approved-250/runtime-logos/mythological-epic/sleipnir_air.png,/assets/airline-identities/approved-250/cards/mythological-epic/sleipnir_air.webp,/assets/airline-identities/approved-250/source-marks/mythological-epic/sleipnir_air.png,completed-caption-safe-procedural,Global,GLB,category-led,/assets/airline-identities/approved-250/logos/mythological-epic/sleipnir_air.webp
garuda_airlines,Garuda Airlines,mythological-epic,Mythological / Epic,6,21,/assets/airline-identities/approved-250/runtime-logos/mythological-epic/garuda_airlines.png,/assets/airline-identities/approved-250/cards/mythological-epic/garuda_airlines.webp,/assets/airline-identities/approved-250/source-marks/mythological-epic/garuda_airlines.png,completed-caption-safe-procedural,Global,GLB,category-led,/assets/airline-identities/approved-250/logos/mythological-epic/garuda_airlines.webp
simurgh_air,Simurgh Air,mythological-epic,Mythological / Epic,6,22,/assets/airline-identities/approved-250/runtime-logos/mythological-epic/simurgh_air.png,/assets/airline-identities/approved-250/cards/mythological-epic/simurgh_air.webp,/assets/airline-identities/approved-250/source-marks/mythological-epic/simurgh_air.png,completed-caption-safe-procedural,Global,GLB,category-led,/assets/airline-identities/approved-250/logos/mythological-epic/simurgh_air.webp
rukh_airways,Rukh Airways,mythological-epic,Mythological / Epic,6,23,/assets/airline-identities/approved-250/runtime-logos/mythological-epic/rukh_airways.png,/assets/airline-identities/approved-250/cards/mythological-epic/rukh_airways.webp,/assets/airline-identities/approved-250/source-marks/mythological-epic/rukh_airways.png,completed-caption-safe-procedural,Global,GLB,category-led,/assets/airline-identities/approved-250/logos/mythological-epic/rukh_airways.webp
anzu_airlines,Anzu Airlines,mythological-epic,Mythological / Epic,6,24,/assets/airline-identities/approved-250/runtime-logos/mythological-epic/anzu_airlines.png,/assets/airline-identities/approved-250/cards/mythological-epic/anzu_airlines.webp,/assets/airline-identities/approved-250/source-marks/mythological-epic/anzu_airlines.png,completed-caption-safe-procedural,Global,GLB,category-led,/assets/airline-identities/approved-250/logos/mythological-epic/anzu_airlines.webp
thunderbird_air,Thunderbird Air,mythological-epic,Mythological / Epic,6,25,/assets/airline-identities/approved-250/runtime-logos/mythological-epic/thunderbird_air.png,/assets/airline-identities/approved-250/cards/mythological-epic/thunderbird_air.webp,/assets/airline-identities/approved-250/source-marks/mythological-epic/thunderbird_air.png,completed-caption-safe-procedural,Global,GLB,category-led,/assets/airline-identities/approved-250/logos/mythological-epic/thunderbird_air.webp
cobalt_airlines,Cobalt Airlines,colors-visual,Colors / Visual,7,1,/assets/airline-identities/approved-250/runtime-logos/colors-visual/cobalt_airlines.png,/assets/airline-identities/approved-250/cards/colors-visual/cobalt_airlines.webp,/assets/airline-identities/approved-250/source-marks/colors-visual/cobalt_airlines.png,reused-existing,Global,GLB,category-led,/assets/airline-identities/approved-250/logos/colors-visual/cobalt_airlines.webp
crimson_air,Crimson Air,colors-visual,Colors / Visual,7,2,/assets/airline-identities/approved-250/runtime-logos/colors-visual/crimson_air.png,/assets/airline-identities/approved-250/cards/colors-visual/crimson_air.webp,/assets/airline-identities/approved-250/source-marks/colors-visual/crimson_air.png,reused-existing,Global,GLB,category-led,/assets/airline-identities/approved-250/logos/colors-visual/crimson_air.webp
indigo_wings,Indigo Wings,colors-visual,Colors / Visual,7,3,/assets/airline-identities/approved-250/runtime-logos/colors-visual/indigo_wings.png,/assets/airline-identities/approved-250/cards/colors-visual/indigo_wings.webp,/assets/airline-identities/approved-250/source-marks/colors-visual/indigo_wings.png,reused-existing,Global,GLB,category-led,/assets/airline-identities/approved-250/logos/colors-visual/indigo_wings.webp
amber_airways,Amber Airways,colors-visual,Colors / Visual,7,4,/assets/airline-identities/approved-250/runtime-logos/colors-visual/amber_airways.png,/assets/airline-identities/approved-250/cards/colors-visual/amber_airways.webp,/assets/airline-identities/approved-250/source-marks/colors-visual/amber_airways.png,reused-existing,Global,GLB,category-led,/assets/airline-identities/approved-250/logos/colors-visual/amber_airways.webp
ivory_airlines,Ivory Airlines,colors-visual,Colors / Visual,7,5,/assets/airline-identities/approved-250/runtime-logos/colors-visual/ivory_airlines.png,/assets/airline-identities/approved-250/cards/colors-visual/ivory_airlines.webp,/assets/airline-identities/approved-250/source-marks/colors-visual/ivory_airlines.png,reused-existing,Global,GLB,category-led,/assets/airline-identities/approved-250/logos/colors-visual/ivory_airlines.webp
scarlet_air,Scarlet Air,colors-visual,Colors / Visual,7,6,/assets/airline-identities/approved-250/runtime-logos/colors-visual/scarlet_air.png,/assets/airline-identities/approved-250/cards/colors-visual/scarlet_air.webp,/assets/airline-identities/approved-250/source-marks/colors-visual/scarlet_air.png,reused-existing,Global,GLB,category-led,/assets/airline-identities/approved-250/logos/colors-visual/scarlet_air.webp
teal_sky_airlines,Teal Sky Airlines,colors-visual,Colors / Visual,7,7,/assets/airline-identities/approved-250/runtime-logos/colors-visual/teal_sky_airlines.png,/assets/airline-identities/approved-250/cards/colors-visual/teal_sky_airlines.webp,/assets/airline-identities/approved-250/source-marks/colors-visual/teal_sky_airlines.png,reused-existing,Global,GLB,category-led,/assets/airline-identities/approved-250/logos/colors-visual/teal_sky_airlines.webp
obsidian_airways,Obsidian Airways,colors-visual,Colors / Visual,7,8,/assets/airline-identities/approved-250/runtime-logos/colors-visual/obsidian_airways.png,/assets/airline-identities/approved-250/cards/colors-visual/obsidian_airways.webp,/assets/airline-identities/approved-250/source-marks/colors-visual/obsidian_airways.png,reused-existing,Global,GLB,category-led,/assets/airline-identities/approved-250/logos/colors-visual/obsidian_airways.webp
jade_air,Jade Air,colors-visual,Colors / Visual,7,9,/assets/airline-identities/approved-250/runtime-logos/colors-visual/jade_air.png,/assets/airline-identities/approved-250/cards/colors-visual/jade_air.webp,/assets/airline-identities/approved-250/source-marks/colors-visual/jade_air.png,reused-existing,Global,GLB,category-led,/assets/airline-identities/approved-250/logos/colors-visual/jade_air.webp
vermillion_airlines,Vermillion Airlines,colors-visual,Colors / Visual,7,10,/assets/airline-identities/approved-250/runtime-logos/colors-visual/vermillion_airlines.png,/assets/airline-identities/approved-250/cards/colors-visual/vermillion_airlines.webp,/assets/airline-identities/approved-250/source-marks/colors-visual/vermillion_airlines.png,reused-existing,Global,GLB,category-led,/assets/airline-identities/approved-250/logos/colors-visual/vermillion_airlines.webp
saffron_airways,Saffron Airways,colors-visual,Colors / Visual,7,11,/assets/airline-identities/approved-250/runtime-logos/colors-visual/saffron_airways.png,/assets/airline-identities/approved-250/cards/colors-visual/saffron_airways.webp,/assets/airline-identities/approved-250/source-marks/colors-visual/saffron_airways.png,reused-existing,Global,GLB,category-led,/assets/airline-identities/approved-250/logos/colors-visual/saffron_airways.webp
cerulean_air,Cerulean Air,colors-visual,Colors / Visual,7,12,/assets/airline-identities/approved-250/runtime-logos/colors-visual/cerulean_air.png,/assets/airline-identities/approved-250/cards/colors-visual/cerulean_air.webp,/assets/airline-identities/approved-250/source-marks/colors-visual/cerulean_air.png,reused-existing,Global,GLB,category-led,/assets/airline-identities/approved-250/logos/colors-visual/cerulean_air.webp
magenta_airlines,Magenta Airlines,colors-visual,Colors / Visual,7,13,/assets/airline-identities/approved-250/runtime-logos/colors-visual/magenta_airlines.png,/assets/airline-identities/approved-250/cards/colors-visual/magenta_airlines.webp,/assets/airline-identities/approved-250/source-marks/colors-visual/magenta_airlines.png,reused-existing,Global,GLB,category-led,/assets/airline-identities/approved-250/logos/colors-visual/magenta_airlines.webp
onyx_airways,Onyx Airways,colors-visual,Colors / Visual,7,14,/assets/airline-identities/approved-250/runtime-logos/colors-visual/onyx_airways.png,/assets/airline-identities/approved-250/cards/colors-visual/onyx_airways.webp,/assets/airline-identities/approved-250/source-marks/colors-visual/onyx_airways.png,reused-existing,Global,GLB,category-led,/assets/airline-identities/approved-250/logos/colors-visual/onyx_airways.webp
umber_air,Umber Air,colors-visual,Colors / Visual,7,15,/assets/airline-identities/approved-250/runtime-logos/colors-visual/umber_air.png,/assets/airline-identities/approved-250/cards/colors-visual/umber_air.webp,/assets/airline-identities/approved-250/source-marks/colors-visual/umber_air.png,reused-existing,Global,GLB,category-led,/assets/airline-identities/approved-250/logos/colors-visual/umber_air.webp
viridian_airlines,Viridian Airlines,colors-visual,Colors / Visual,7,16,/assets/airline-identities/approved-250/runtime-logos/colors-visual/viridian_airlines.png,/assets/airline-identities/approved-250/cards/colors-visual/viridian_airlines.webp,/assets/airline-identities/approved-250/source-marks/colors-visual/viridian_airlines.png,reused-existing,Global,GLB,category-led,/assets/airline-identities/approved-250/logos/colors-visual/viridian_airlines.webp
goldenrod_air,Goldenrod Air,colors-visual,Colors / Visual,7,17,/assets/airline-identities/approved-250/runtime-logos/colors-visual/goldenrod_air.png,/assets/airline-identities/approved-250/cards/colors-visual/goldenrod_air.webp,/assets/airline-identities/approved-250/source-marks/colors-visual/goldenrod_air.png,reused-existing,Global,GLB,category-led,/assets/airline-identities/approved-250/logos/colors-visual/goldenrod_air.webp
alabaster_airways,Alabaster Airways,colors-visual,Colors / Visual,7,18,/assets/airline-identities/approved-250/runtime-logos/colors-visual/alabaster_airways.png,/assets/airline-identities/approved-250/cards/colors-visual/alabaster_airways.webp,/assets/airline-identities/approved-250/source-marks/colors-visual/alabaster_airways.png,reused-existing,Global,GLB,category-led,/assets/airline-identities/approved-250/logos/colors-visual/alabaster_airways.webp
carmine_airlines,Carmine Airlines,colors-visual,Colors / Visual,7,19,/assets/airline-identities/approved-250/runtime-logos/colors-visual/carmine_airlines.png,/assets/airline-identities/approved-250/cards/colors-visual/carmine_airlines.webp,/assets/airline-identities/approved-250/source-marks/colors-visual/carmine_airlines.png,completed-caption-safe-procedural,Global,GLB,category-led,/assets/airline-identities/approved-250/logos/colors-visual/carmine_airlines.webp
sienna_air,Sienna Air,colors-visual,Colors / Visual,7,20,/assets/airline-identities/approved-250/runtime-logos/colors-visual/sienna_air.png,/assets/airline-identities/approved-250/cards/colors-visual/sienna_air.webp,/assets/airline-identities/approved-250/source-marks/colors-visual/sienna_air.png,completed-caption-safe-procedural,Global,GLB,category-led,/assets/airline-identities/approved-250/logos/colors-visual/sienna_air.webp
flax_airways,Flax Airways,colors-visual,Colors / Visual,7,21,/assets/airline-identities/approved-250/runtime-logos/colors-visual/flax_airways.png,/assets/airline-identities/approved-250/cards/colors-visual/flax_airways.webp,/assets/airline-identities/approved-250/source-marks/colors-visual/flax_airways.png,completed-caption-safe-procedural,Global,GLB,category-led,/assets/airline-identities/approved-250/logos/colors-visual/flax_airways.webp
periwinkle_air,Periwinkle Air,colors-visual,Colors / Visual,7,22,/assets/airline-identities/approved-250/runtime-logos/colors-visual/periwinkle_air.png,/assets/airline-identities/approved-250/cards/colors-visual/periwinkle_air.webp,/assets/airline-identities/approved-250/source-marks/colors-visual/periwinkle_air.png,completed-caption-safe-procedural,Global,GLB,category-led,/assets/airline-identities/approved-250/logos/colors-visual/periwinkle_air.webp
russet_airlines,Russet Airlines,colors-visual,Colors / Visual,7,23,/assets/airline-identities/approved-250/runtime-logos/colors-visual/russet_airlines.png,/assets/airline-identities/approved-250/cards/colors-visual/russet_airlines.webp,/assets/airline-identities/approved-250/source-marks/colors-visual/russet_airlines.png,completed-caption-safe-procedural,Global,GLB,category-led,/assets/airline-identities/approved-250/logos/colors-visual/russet_airlines.webp
slate_airways,Slate Airways,colors-visual,Colors / Visual,7,24,/assets/airline-identities/approved-250/runtime-logos/colors-visual/slate_airways.png,/assets/airline-identities/approved-250/cards/colors-visual/slate_airways.webp,/assets/airline-identities/approved-250/source-marks/colors-visual/slate_airways.png,completed-caption-safe-procedural,Global,GLB,category-led,/assets/airline-identities/approved-250/logos/colors-visual/slate_airways.webp
alizarin_air,Alizarin Air,colors-visual,Colors / Visual,7,25,/assets/airline-identities/approved-250/runtime-logos/colors-visual/alizarin_air.png,/assets/airline-identities/approved-250/cards/colors-visual/alizarin_air.webp,/assets/airline-identities/approved-250/source-marks/colors-visual/alizarin_air.png,completed-caption-safe-procedural,Global,GLB,category-led,/assets/airline-identities/approved-250/logos/colors-visual/alizarin_air.webp
stellar_airlines,Stellar Airlines,stars-cosmos,Stars / Cosmos,8,1,/assets/airline-identities/approved-250/runtime-logos/stars-cosmos/stellar_airlines.png,/assets/airline-identities/approved-250/cards/stars-cosmos/stellar_airlines.webp,/assets/airline-identities/approved-250/source-marks/stars-cosmos/stellar_airlines.png,reused-existing,Global,GLB,category-led,/assets/airline-identities/approved-250/logos/stars-cosmos/stellar_airlines.webp
nebula_air,Nebula Air,stars-cosmos,Stars / Cosmos,8,2,/assets/airline-identities/approved-250/runtime-logos/stars-cosmos/nebula_air.png,/assets/airline-identities/approved-250/cards/stars-cosmos/nebula_air.webp,/assets/airline-identities/approved-250/source-marks/stars-cosmos/nebula_air.png,reused-existing,Global,GLB,category-led,/assets/airline-identities/approved-250/logos/stars-cosmos/nebula_air.webp
cosmos_airways,Cosmos Airways,stars-cosmos,Stars / Cosmos,8,3,/assets/airline-identities/approved-250/runtime-logos/stars-cosmos/cosmos_airways.png,/assets/airline-identities/approved-250/cards/stars-cosmos/cosmos_airways.webp,/assets/airline-identities/approved-250/source-marks/stars-cosmos/cosmos_airways.png,reused-existing,Global,GLB,category-led,/assets/airline-identities/approved-250/logos/stars-cosmos/cosmos_airways.webp
galaxy_airlines,Galaxy Airlines,stars-cosmos,Stars / Cosmos,8,4,/assets/airline-identities/approved-250/runtime-logos/stars-cosmos/galaxy_airlines.png,/assets/airline-identities/approved-250/cards/stars-cosmos/galaxy_airlines.webp,/assets/airline-identities/approved-250/source-marks/stars-cosmos/galaxy_airlines.png,reused-existing,Global,GLB,category-led,/assets/airline-identities/approved-250/logos/stars-cosmos/galaxy_airlines.webp
pulsar_air,Pulsar Air,stars-cosmos,Stars / Cosmos,8,5,/assets/airline-identities/approved-250/runtime-logos/stars-cosmos/pulsar_air.png,/assets/airline-identities/approved-250/cards/stars-cosmos/pulsar_air.webp,/assets/airline-identities/approved-250/source-marks/stars-cosmos/pulsar_air.png,reused-existing,Global,GLB,category-led,/assets/airline-identities/approved-250/logos/stars-cosmos/pulsar_air.webp
solaris_airways,Solaris Airways,stars-cosmos,Stars / Cosmos,8,6,/assets/airline-identities/approved-250/runtime-logos/stars-cosmos/solaris_airways.png,/assets/airline-identities/approved-250/cards/stars-cosmos/solaris_airways.webp,/assets/airline-identities/approved-250/source-marks/stars-cosmos/solaris_airways.png,reused-existing,Global,GLB,category-led,/assets/airline-identities/approved-250/logos/stars-cosmos/solaris_airways.webp
vega_airlines,Vega Airlines,stars-cosmos,Stars / Cosmos,8,7,/assets/airline-identities/approved-250/runtime-logos/stars-cosmos/vega_airlines.png,/assets/airline-identities/approved-250/cards/stars-cosmos/vega_airlines.webp,/assets/airline-identities/approved-250/source-marks/stars-cosmos/vega_airlines.png,reused-existing,Global,GLB,category-led,/assets/airline-identities/approved-250/logos/stars-cosmos/vega_airlines.webp
sirius_air,Sirius Air,stars-cosmos,Stars / Cosmos,8,8,/assets/airline-identities/approved-250/runtime-logos/stars-cosmos/sirius_air.png,/assets/airline-identities/approved-250/cards/stars-cosmos/sirius_air.webp,/assets/airline-identities/approved-250/source-marks/stars-cosmos/sirius_air.png,reused-existing,Global,GLB,category-led,/assets/airline-identities/approved-250/logos/stars-cosmos/sirius_air.webp
altair_airways,Altair Airways,stars-cosmos,Stars / Cosmos,8,9,/assets/airline-identities/approved-250/runtime-logos/stars-cosmos/altair_airways.png,/assets/airline-identities/approved-250/cards/stars-cosmos/altair_airways.webp,/assets/airline-identities/approved-250/source-marks/stars-cosmos/altair_airways.png,reused-existing,Global,GLB,category-led,/assets/airline-identities/approved-250/logos/stars-cosmos/altair_airways.webp
rigel_airlines,Rigel Airlines,stars-cosmos,Stars / Cosmos,8,10,/assets/airline-identities/approved-250/runtime-logos/stars-cosmos/rigel_airlines.png,/assets/airline-identities/approved-250/cards/stars-cosmos/rigel_airlines.webp,/assets/airline-identities/approved-250/source-marks/stars-cosmos/rigel_airlines.png,reused-existing,Global,GLB,category-led,/assets/airline-identities/approved-250/logos/stars-cosmos/rigel_airlines.webp
deneb_air,Deneb Air,stars-cosmos,Stars / Cosmos,8,11,/assets/airline-identities/approved-250/runtime-logos/stars-cosmos/deneb_air.png,/assets/airline-identities/approved-250/cards/stars-cosmos/deneb_air.webp,/assets/airline-identities/approved-250/source-marks/stars-cosmos/deneb_air.png,reused-existing,Global,GLB,category-led,/assets/airline-identities/approved-250/logos/stars-cosmos/deneb_air.webp
capella_airways,Capella Airways,stars-cosmos,Stars / Cosmos,8,12,/assets/airline-identities/approved-250/runtime-logos/stars-cosmos/capella_airways.png,/assets/airline-identities/approved-250/cards/stars-cosmos/capella_airways.webp,/assets/airline-identities/approved-250/source-marks/stars-cosmos/capella_airways.png,reused-existing,Global,GLB,category-led,/assets/airline-identities/approved-250/logos/stars-cosmos/capella_airways.webp
procyon_airlines,Procyon Airlines,stars-cosmos,Stars / Cosmos,8,13,/assets/airline-identities/approved-250/runtime-logos/stars-cosmos/procyon_airlines.png,/assets/airline-identities/approved-250/cards/stars-cosmos/procyon_airlines.webp,/assets/airline-identities/approved-250/source-marks/stars-cosmos/procyon_airlines.png,reused-existing,Global,GLB,category-led,/assets/airline-identities/approved-250/logos/stars-cosmos/procyon_airlines.webp
arcturus_air,Arcturus Air,stars-cosmos,Stars / Cosmos,8,14,/assets/airline-identities/approved-250/runtime-logos/stars-cosmos/arcturus_air.png,/assets/airline-identities/approved-250/cards/stars-cosmos/arcturus_air.webp,/assets/airline-identities/approved-250/source-marks/stars-cosmos/arcturus_air.png,reused-existing,Global,GLB,category-led,/assets/airline-identities/approved-250/logos/stars-cosmos/arcturus_air.webp
aldebaran_airways,Aldebaran Airways,stars-cosmos,Stars / Cosmos,8,15,/assets/airline-identities/approved-250/runtime-logos/stars-cosmos/aldebaran_airways.png,/assets/airline-identities/approved-250/cards/stars-cosmos/aldebaran_airways.webp,/assets/airline-identities/approved-250/source-marks/stars-cosmos/aldebaran_airways.png,reused-existing,Global,GLB,category-led,/assets/airline-identities/approved-250/logos/stars-cosmos/aldebaran_airways.webp
fomalhaut_airlines,Fomalhaut Airlines,stars-cosmos,Stars / Cosmos,8,16,/assets/airline-identities/approved-250/runtime-logos/stars-cosmos/fomalhaut_airlines.png,/assets/airline-identities/approved-250/cards/stars-cosmos/fomalhaut_airlines.webp,/assets/airline-identities/approved-250/source-marks/stars-cosmos/fomalhaut_airlines.png,reused-existing,Global,GLB,category-led,/assets/airline-identities/approved-250/logos/stars-cosmos/fomalhaut_airlines.webp
spica_air,Spica Air,stars-cosmos,Stars / Cosmos,8,17,/assets/airline-identities/approved-250/runtime-logos/stars-cosmos/spica_air.png,/assets/airline-identities/approved-250/cards/stars-cosmos/spica_air.webp,/assets/airline-identities/approved-250/source-marks/stars-cosmos/spica_air.png,reused-existing,Global,GLB,category-led,/assets/airline-identities/approved-250/logos/stars-cosmos/spica_air.webp
antares_airways,Antares Airways,stars-cosmos,Stars / Cosmos,8,18,/assets/airline-identities/approved-250/runtime-logos/stars-cosmos/antares_airways.png,/assets/airline-identities/approved-250/cards/stars-cosmos/antares_airways.webp,/assets/airline-identities/approved-250/source-marks/stars-cosmos/antares_airways.png,reused-existing,Global,GLB,category-led,/assets/airline-identities/approved-250/logos/stars-cosmos/antares_airways.webp
betelgeuse_air,Betelgeuse Air,stars-cosmos,Stars / Cosmos,8,19,/assets/airline-identities/approved-250/runtime-logos/stars-cosmos/betelgeuse_air.png,/assets/airline-identities/approved-250/cards/stars-cosmos/betelgeuse_air.webp,/assets/airline-identities/approved-250/source-marks/stars-cosmos/betelgeuse_air.png,reused-existing,Global,GLB,category-led,/assets/airline-identities/approved-250/logos/stars-cosmos/betelgeuse_air.webp
canopus_airlines,Canopus Airlines,stars-cosmos,Stars / Cosmos,8,20,/assets/airline-identities/approved-250/runtime-logos/stars-cosmos/canopus_airlines.png,/assets/airline-identities/approved-250/cards/stars-cosmos/canopus_airlines.webp,/assets/airline-identities/approved-250/source-marks/stars-cosmos/canopus_airlines.png,reused-existing,Global,GLB,category-led,/assets/airline-identities/approved-250/logos/stars-cosmos/canopus_airlines.webp
pollux_air,Pollux Air,stars-cosmos,Stars / Cosmos,8,21,/assets/airline-identities/approved-250/runtime-logos/stars-cosmos/pollux_air.png,/assets/airline-identities/approved-250/cards/stars-cosmos/pollux_air.webp,/assets/airline-identities/approved-250/source-marks/stars-cosmos/pollux_air.png,reused-existing,Global,GLB,category-led,/assets/airline-identities/approved-250/logos/stars-cosmos/pollux_air.webp
castor_airways,Castor Airways,stars-cosmos,Stars / Cosmos,8,22,/assets/airline-identities/approved-250/runtime-logos/stars-cosmos/castor_airways.png,/assets/airline-identities/approved-250/cards/stars-cosmos/castor_airways.webp,/assets/airline-identities/approved-250/source-marks/stars-cosmos/castor_airways.png,reused-existing,Global,GLB,category-led,/assets/airline-identities/approved-250/logos/stars-cosmos/castor_airways.webp
regulus_airlines,Regulus Airlines,stars-cosmos,Stars / Cosmos,8,23,/assets/airline-identities/approved-250/runtime-logos/stars-cosmos/regulus_airlines.png,/assets/airline-identities/approved-250/cards/stars-cosmos/regulus_airlines.webp,/assets/airline-identities/approved-250/source-marks/stars-cosmos/regulus_airlines.png,reused-existing,Global,GLB,category-led,/assets/airline-identities/approved-250/logos/stars-cosmos/regulus_airlines.webp
mimosa_air,Mimosa Air,stars-cosmos,Stars / Cosmos,8,24,/assets/airline-identities/approved-250/runtime-logos/stars-cosmos/mimosa_air.png,/assets/airline-identities/approved-250/cards/stars-cosmos/mimosa_air.webp,/assets/airline-identities/approved-250/source-marks/stars-cosmos/mimosa_air.png,reused-existing,Global,GLB,category-led,/assets/airline-identities/approved-250/logos/stars-cosmos/mimosa_air.webp
hadar_airways,Hadar Airways,stars-cosmos,Stars / Cosmos,8,25,/assets/airline-identities/approved-250/runtime-logos/stars-cosmos/hadar_airways.png,/assets/airline-identities/approved-250/cards/stars-cosmos/hadar_airways.webp,/assets/airline-identities/approved-250/source-marks/stars-cosmos/hadar_airways.png,reused-existing,Global,GLB,category-led,/assets/airline-identities/approved-250/logos/stars-cosmos/hadar_airways.webp
flyfast_airlines,FlyFast Airlines,prestige-budget-lcc,Prestige Budget / LCC,9,1,/assets/airline-identities/approved-250/runtime-logos/prestige-budget-lcc/flyfast_airlines.png,/assets/airline-identities/approved-250/cards/prestige-budget-lcc/flyfast_airlines.webp,/assets/airline-identities/approved-250/source-marks/prestige-budget-lcc/flyfast_airlines.png,reused-existing,Global,GLB,category-led,/assets/airline-identities/approved-250/logos/prestige-budget-lcc/flyfast_airlines.webp
quickjet_air,QuickJet Air,prestige-budget-lcc,Prestige Budget / LCC,9,2,/assets/airline-identities/approved-250/runtime-logos/prestige-budget-lcc/quickjet_air.png,/assets/airline-identities/approved-250/cards/prestige-budget-lcc/quickjet_air.webp,/assets/airline-identities/approved-250/source-marks/prestige-budget-lcc/quickjet_air.png,reused-existing,Global,GLB,category-led,/assets/airline-identities/approved-250/logos/prestige-budget-lcc/quickjet_air.webp
budgetwings,BudgetWings,prestige-budget-lcc,Prestige Budget / LCC,9,3,/assets/airline-identities/approved-250/runtime-logos/prestige-budget-lcc/budgetwings.png,/assets/airline-identities/approved-250/cards/prestige-budget-lcc/budgetwings.webp,/assets/airline-identities/approved-250/source-marks/prestige-budget-lcc/budgetwings.png,reused-existing,Global,GLB,category-led,/assets/airline-identities/approved-250/logos/prestige-budget-lcc/budgetwings.webp
ecoair,EcoAir,prestige-budget-lcc,Prestige Budget / LCC,9,4,/assets/airline-identities/approved-250/runtime-logos/prestige-budget-lcc/ecoair.png,/assets/airline-identities/approved-250/cards/prestige-budget-lcc/ecoair.webp,/assets/airline-identities/approved-250/source-marks/prestige-budget-lcc/ecoair.png,reused-existing,Global,GLB,category-led,/assets/airline-identities/approved-250/logos/prestige-budget-lcc/ecoair.webp
valuejet,ValueJet,prestige-budget-lcc,Prestige Budget / LCC,9,5,/assets/airline-identities/approved-250/runtime-logos/prestige-budget-lcc/valuejet.png,/assets/airline-identities/approved-250/cards/prestige-budget-lcc/valuejet.webp,/assets/airline-identities/approved-250/source-marks/prestige-budget-lcc/valuejet.png,reused-existing,Global,GLB,category-led,/assets/airline-identities/approved-250/logos/prestige-budget-lcc/valuejet.webp
clearsky_airlines,ClearSky Airlines,prestige-budget-lcc,Prestige Budget / LCC,9,6,/assets/airline-identities/approved-250/runtime-logos/prestige-budget-lcc/clearsky_airlines.png,/assets/airline-identities/approved-250/cards/prestige-budget-lcc/clearsky_airlines.webp,/assets/airline-identities/approved-250/source-marks/prestige-budget-lcc/clearsky_airlines.png,reused-existing,Global,GLB,category-led,/assets/airline-identities/approved-250/logos/prestige-budget-lcc/clearsky_airlines.webp
freshair_jets,FreshAir Jets,prestige-budget-lcc,Prestige Budget / LCC,9,7,/assets/airline-identities/approved-250/runtime-logos/prestige-budget-lcc/freshair_jets.png,/assets/airline-identities/approved-250/cards/prestige-budget-lcc/freshair_jets.webp,/assets/airline-identities/approved-250/source-marks/prestige-budget-lcc/freshair_jets.png,reused-existing,Global,GLB,category-led,/assets/airline-identities/approved-250/logos/prestige-budget-lcc/freshair_jets.webp
openskies_air,OpenSkies Air,prestige-budget-lcc,Prestige Budget / LCC,9,8,/assets/airline-identities/approved-250/runtime-logos/prestige-budget-lcc/openskies_air.png,/assets/airline-identities/approved-250/cards/prestige-budget-lcc/openskies_air.webp,/assets/airline-identities/approved-250/source-marks/prestige-budget-lcc/openskies_air.png,reused-existing,Global,GLB,category-led,/assets/airline-identities/approved-250/logos/prestige-budget-lcc/openskies_air.webp
freedomjet_airlines,FreedomJet Airlines,prestige-budget-lcc,Prestige Budget / LCC,9,9,/assets/airline-identities/approved-250/runtime-logos/prestige-budget-lcc/freedomjet_airlines.png,/assets/airline-identities/approved-250/cards/prestige-budget-lcc/freedomjet_airlines.webp,/assets/airline-identities/approved-250/source-marks/prestige-budget-lcc/freedomjet_airlines.png,reused-existing,Global,GLB,category-led,/assets/airline-identities/approved-250/logos/prestige-budget-lcc/freedomjet_airlines.webp
simplifly_air,SimpliFly Air,prestige-budget-lcc,Prestige Budget / LCC,9,10,/assets/airline-identities/approved-250/runtime-logos/prestige-budget-lcc/simplifly_air.png,/assets/airline-identities/approved-250/cards/prestige-budget-lcc/simplifly_air.webp,/assets/airline-identities/approved-250/source-marks/prestige-budget-lcc/simplifly_air.png,reused-existing,Global,GLB,category-led,/assets/airline-identities/approved-250/logos/prestige-budget-lcc/simplifly_air.webp
greenleaf_airlines,GreenLeaf Airlines,prestige-budget-lcc,Prestige Budget / LCC,9,11,/assets/airline-identities/approved-250/runtime-logos/prestige-budget-lcc/greenleaf_airlines.png,/assets/airline-identities/approved-250/cards/prestige-budget-lcc/greenleaf_airlines.webp,/assets/airline-identities/approved-250/source-marks/prestige-budget-lcc/greenleaf_airlines.png,reused-existing,Global,GLB,category-led,/assets/airline-identities/approved-250/logos/prestige-budget-lcc/greenleaf_airlines.webp
breezair,BreezAir,prestige-budget-lcc,Prestige Budget / LCC,9,12,/assets/airline-identities/approved-250/runtime-logos/prestige-budget-lcc/breezair.png,/assets/airline-identities/approved-250/cards/prestige-budget-lcc/breezair.webp,/assets/airline-identities/approved-250/source-marks/prestige-budget-lcc/breezair.png,completed-runtime-caption-safe-procedural,Global,GLB,category-led,/assets/airline-identities/approved-250/logos/prestige-budget-lcc/breezair.webp
sunpass_airlines,SunPass Airlines,prestige-budget-lcc,Prestige Budget / LCC,9,13,/assets/airline-identities/approved-250/runtime-logos/prestige-budget-lcc/sunpass_airlines.png,/assets/airline-identities/approved-250/cards/prestige-budget-lcc/sunpass_airlines.webp,/assets/airline-identities/approved-250/source-marks/prestige-budget-lcc/sunpass_airlines.png,reused-existing,Global,GLB,category-led,/assets/airline-identities/approved-250/logos/prestige-budget-lcc/sunpass_airlines.webp
leanjet_air,LeanJet Air,prestige-budget-lcc,Prestige Budget / LCC,9,14,/assets/airline-identities/approved-250/runtime-logos/prestige-budget-lcc/leanjet_air.png,/assets/airline-identities/approved-250/cards/prestige-budget-lcc/leanjet_air.webp,/assets/airline-identities/approved-250/source-marks/prestige-budget-lcc/leanjet_air.png,completed-runtime-caption-safe-procedural,Global,GLB,category-led,/assets/airline-identities/approved-250/logos/prestige-budget-lcc/leanjet_air.webp
directfly_airlines,DirectFly Airlines,prestige-budget-lcc,Prestige Budget / LCC,9,15,/assets/airline-identities/approved-250/runtime-logos/prestige-budget-lcc/directfly_airlines.png,/assets/airline-identities/approved-250/cards/prestige-budget-lcc/directfly_airlines.webp,/assets/airline-identities/approved-250/source-marks/prestige-budget-lcc/directfly_airlines.png,reused-existing,Global,GLB,category-led,/assets/airline-identities/approved-250/logos/prestige-budget-lcc/directfly_airlines.webp
purepath_air,PurePath Air,prestige-budget-lcc,Prestige Budget / LCC,9,16,/assets/airline-identities/approved-250/runtime-logos/prestige-budget-lcc/purepath_air.png,/assets/airline-identities/approved-250/cards/prestige-budget-lcc/purepath_air.webp,/assets/airline-identities/approved-250/source-marks/prestige-budget-lcc/purepath_air.png,completed-caption-safe-procedural,Global,GLB,category-led,/assets/airline-identities/approved-250/logos/prestige-budget-lcc/purepath_air.webp
truenorth_airlines,TrueNorth Airlines,prestige-budget-lcc,Prestige Budget / LCC,9,17,/assets/airline-identities/approved-250/runtime-logos/prestige-budget-lcc/truenorth_airlines.png,/assets/airline-identities/approved-250/cards/prestige-budget-lcc/truenorth_airlines.webp,/assets/airline-identities/approved-250/source-marks/prestige-budget-lcc/truenorth_airlines.png,reused-existing,Global,GLB,category-led,/assets/airline-identities/approved-250/logos/prestige-budget-lcc/truenorth_airlines.webp
easyspan_air,EasySpan Air,prestige-budget-lcc,Prestige Budget / LCC,9,18,/assets/airline-identities/approved-250/runtime-logos/prestige-budget-lcc/easyspan_air.png,/assets/airline-identities/approved-250/cards/prestige-budget-lcc/easyspan_air.webp,/assets/airline-identities/approved-250/source-marks/prestige-budget-lcc/easyspan_air.png,completed-caption-safe-procedural,Global,GLB,category-led,/assets/airline-identities/approved-250/logos/prestige-budget-lcc/easyspan_air.webp
cleanroute_airlines,CleanRoute Airlines,prestige-budget-lcc,Prestige Budget / LCC,9,19,/assets/airline-identities/approved-250/runtime-logos/prestige-budget-lcc/cleanroute_airlines.png,/assets/airline-identities/approved-250/cards/prestige-budget-lcc/cleanroute_airlines.webp,/assets/airline-identities/approved-250/source-marks/prestige-budget-lcc/cleanroute_airlines.png,completed-caption-safe-procedural,Global,GLB,category-led,/assets/airline-identities/approved-250/logos/prestige-budget-lcc/cleanroute_airlines.webp
brightpath_air,BrightPath Air,prestige-budget-lcc,Prestige Budget / LCC,9,20,/assets/airline-identities/approved-250/runtime-logos/prestige-budget-lcc/brightpath_air.png,/assets/airline-identities/approved-250/cards/prestige-budget-lcc/brightpath_air.webp,/assets/airline-identities/approved-250/source-marks/prestige-budget-lcc/brightpath_air.png,completed-caption-safe-procedural,Global,GLB,category-led,/assets/airline-identities/approved-250/logos/prestige-budget-lcc/brightpath_air.webp
openroute_airlines,OpenRoute Airlines,prestige-budget-lcc,Prestige Budget / LCC,9,21,/assets/airline-identities/approved-250/runtime-logos/prestige-budget-lcc/openroute_airlines.png,/assets/airline-identities/approved-250/cards/prestige-budget-lcc/openroute_airlines.webp,/assets/airline-identities/approved-250/source-marks/prestige-budget-lcc/openroute_airlines.png,completed-caption-safe-procedural,Global,GLB,category-led,/assets/airline-identities/approved-250/logos/prestige-budget-lcc/openroute_airlines.webp
flatfare_air,FlatFare Air,prestige-budget-lcc,Prestige Budget / LCC,9,22,/assets/airline-identities/approved-250/runtime-logos/prestige-budget-lcc/flatfare_air.png,/assets/airline-identities/approved-250/cards/prestige-budget-lcc/flatfare_air.webp,/assets/airline-identities/approved-250/source-marks/prestige-budget-lcc/flatfare_air.png,completed-caption-safe-procedural,Global,GLB,category-led,/assets/airline-identities/approved-250/logos/prestige-budget-lcc/flatfare_air.webp
clearroute_airways,ClearRoute Airways,prestige-budget-lcc,Prestige Budget / LCC,9,23,/assets/airline-identities/approved-250/runtime-logos/prestige-budget-lcc/clearroute_airways.png,/assets/airline-identities/approved-250/cards/prestige-budget-lcc/clearroute_airways.webp,/assets/airline-identities/approved-250/source-marks/prestige-budget-lcc/clearroute_airways.png,completed-caption-safe-procedural,Global,GLB,category-led,/assets/airline-identities/approved-250/logos/prestige-budget-lcc/clearroute_airways.webp
quickspan_airlines,QuickSpan Airlines,prestige-budget-lcc,Prestige Budget / LCC,9,24,/assets/airline-identities/approved-250/runtime-logos/prestige-budget-lcc/quickspan_airlines.png,/assets/airline-identities/approved-250/cards/prestige-budget-lcc/quickspan_airlines.webp,/assets/airline-identities/approved-250/source-marks/prestige-budget-lcc/quickspan_airlines.png,completed-caption-safe-procedural,Global,GLB,category-led,/assets/airline-identities/approved-250/logos/prestige-budget-lcc/quickspan_airlines.webp
skipline_air,SkipLine Air,prestige-budget-lcc,Prestige Budget / LCC,9,25,/assets/airline-identities/approved-250/runtime-logos/prestige-budget-lcc/skipline_air.png,/assets/airline-identities/approved-250/cards/prestige-budget-lcc/skipline_air.webp,/assets/airline-identities/approved-250/source-marks/prestige-budget-lcc/skipline_air.png,completed-caption-safe-procedural,Global,GLB,category-led,/assets/airline-identities/approved-250/logos/prestige-budget-lcc/skipline_air.webp
aurelius_air,Aurelius Air,luxury-ultra-premium,Luxury / Ultra-Premium,10,1,/assets/airline-identities/approved-250/runtime-logos/luxury-ultra-premium/aurelius_air.png,/assets/airline-identities/approved-250/cards/luxury-ultra-premium/aurelius_air.webp,/assets/airline-identities/approved-250/source-marks/luxury-ultra-premium/aurelius_air.png,completed-procedural,Global,GLB,category-led,/assets/airline-identities/approved-250/logos/luxury-ultra-premium/aurelius_air.webp
cygnet_airways,Cygnet Airways,luxury-ultra-premium,Luxury / Ultra-Premium,10,2,/assets/airline-identities/approved-250/runtime-logos/luxury-ultra-premium/cygnet_airways.png,/assets/airline-identities/approved-250/cards/luxury-ultra-premium/cygnet_airways.webp,/assets/airline-identities/approved-250/source-marks/luxury-ultra-premium/cygnet_airways.png,completed-procedural,Global,GLB,category-led,/assets/airline-identities/approved-250/logos/luxury-ultra-premium/cygnet_airways.webp
celeste_airlines,Celeste Airlines,luxury-ultra-premium,Luxury / Ultra-Premium,10,3,/assets/airline-identities/approved-250/runtime-logos/luxury-ultra-premium/celeste_airlines.png,/assets/airline-identities/approved-250/cards/luxury-ultra-premium/celeste_airlines.webp,/assets/airline-identities/approved-250/source-marks/luxury-ultra-premium/celeste_airlines.png,completed-procedural,Global,GLB,category-led,/assets/airline-identities/approved-250/logos/luxury-ultra-premium/celeste_airlines.webp
peregrine_air,Peregrine Air,luxury-ultra-premium,Luxury / Ultra-Premium,10,4,/assets/airline-identities/approved-250/runtime-logos/luxury-ultra-premium/peregrine_air.png,/assets/airline-identities/approved-250/cards/luxury-ultra-premium/peregrine_air.webp,/assets/airline-identities/approved-250/source-marks/luxury-ultra-premium/peregrine_air.png,completed-procedural,Global,GLB,category-led,/assets/airline-identities/approved-250/logos/luxury-ultra-premium/peregrine_air.webp
seraph_airways,Seraph Airways,luxury-ultra-premium,Luxury / Ultra-Premium,10,5,/assets/airline-identities/approved-250/runtime-logos/luxury-ultra-premium/seraph_airways.png,/assets/airline-identities/approved-250/cards/luxury-ultra-premium/seraph_airways.webp,/assets/airline-identities/approved-250/source-marks/luxury-ultra-premium/seraph_airways.png,completed-procedural,Global,GLB,category-led,/assets/airline-identities/approved-250/logos/luxury-ultra-premium/seraph_airways.webp
vellum_airlines,Vellum Airlines,luxury-ultra-premium,Luxury / Ultra-Premium,10,6,/assets/airline-identities/approved-250/runtime-logos/luxury-ultra-premium/vellum_airlines.png,/assets/airline-identities/approved-250/cards/luxury-ultra-premium/vellum_airlines.webp,/assets/airline-identities/approved-250/source-marks/luxury-ultra-premium/vellum_airlines.png,completed-procedural,Global,GLB,category-led,/assets/airline-identities/approved-250/logos/luxury-ultra-premium/vellum_airlines.webp
soleil_air,Soleil Air,luxury-ultra-premium,Luxury / Ultra-Premium,10,7,/assets/airline-identities/approved-250/runtime-logos/luxury-ultra-premium/soleil_air.png,/assets/airline-identities/approved-250/cards/luxury-ultra-premium/soleil_air.webp,/assets/airline-identities/approved-250/source-marks/luxury-ultra-premium/soleil_air.png,completed-procedural,Global,GLB,category-led,/assets/airline-identities/approved-250/logos/luxury-ultra-premium/soleil_air.webp
mirage_airways,Mirage Airways,luxury-ultra-premium,Luxury / Ultra-Premium,10,8,/assets/airline-identities/approved-250/runtime-logos/luxury-ultra-premium/mirage_airways.png,/assets/airline-identities/approved-250/cards/luxury-ultra-premium/mirage_airways.webp,/assets/airline-identities/approved-250/source-marks/luxury-ultra-premium/mirage_airways.png,completed-procedural,Global,GLB,category-led,/assets/airline-identities/approved-250/logos/luxury-ultra-premium/mirage_airways.webp
eclat_airlines,Éclat Airlines,luxury-ultra-premium,Luxury / Ultra-Premium,10,9,/assets/airline-identities/approved-250/runtime-logos/luxury-ultra-premium/eclat_airlines.png,/assets/airline-identities/approved-250/cards/luxury-ultra-premium/eclat_airlines.webp,/assets/airline-identities/approved-250/source-marks/luxury-ultra-premium/eclat_airlines.png,completed-procedural,Global,GLB,category-led,/assets/airline-identities/approved-250/logos/luxury-ultra-premium/eclat_airlines.webp
cavalier_air,Cavalier Air,luxury-ultra-premium,Luxury / Ultra-Premium,10,10,/assets/airline-identities/approved-250/runtime-logos/luxury-ultra-premium/cavalier_air.png,/assets/airline-identities/approved-250/cards/luxury-ultra-premium/cavalier_air.webp,/assets/airline-identities/approved-250/source-marks/luxury-ultra-premium/cavalier_air.png,completed-procedural,Global,GLB,category-led,/assets/airline-identities/approved-250/logos/luxury-ultra-premium/cavalier_air.webp
obsidian_sky,Obsidian Sky,luxury-ultra-premium,Luxury / Ultra-Premium,10,11,/assets/airline-identities/approved-250/runtime-logos/luxury-ultra-premium/obsidian_sky.png,/assets/airline-identities/approved-250/cards/luxury-ultra-premium/obsidian_sky.webp,/assets/airline-identities/approved-250/source-marks/luxury-ultra-premium/obsidian_sky.png,completed-procedural,Global,GLB,category-led,/assets/airline-identities/approved-250/logos/luxury-ultra-premium/obsidian_sky.webp
veridian_airways,Veridian Airways,luxury-ultra-premium,Luxury / Ultra-Premium,10,12,/assets/airline-identities/approved-250/runtime-logos/luxury-ultra-premium/veridian_airways.png,/assets/airline-identities/approved-250/cards/luxury-ultra-premium/veridian_airways.webp,/assets/airline-identities/approved-250/source-marks/luxury-ultra-premium/veridian_airways.png,completed-procedural,Global,GLB,category-led,/assets/airline-identities/approved-250/logos/luxury-ultra-premium/veridian_airways.webp
cereste_airlines,Cereste Airlines,luxury-ultra-premium,Luxury / Ultra-Premium,10,13,/assets/airline-identities/approved-250/runtime-logos/luxury-ultra-premium/cereste_airlines.png,/assets/airline-identities/approved-250/cards/luxury-ultra-premium/cereste_airlines.webp,/assets/airline-identities/approved-250/source-marks/luxury-ultra-premium/cereste_airlines.png,completed-procedural,Global,GLB,category-led,/assets/airline-identities/approved-250/logos/luxury-ultra-premium/cereste_airlines.webp
altesse_air,Altesse Air,luxury-ultra-premium,Luxury / Ultra-Premium,10,14,/assets/airline-identities/approved-250/runtime-logos/luxury-ultra-premium/altesse_air.png,/assets/airline-identities/approved-250/cards/luxury-ultra-premium/altesse_air.webp,/assets/airline-identities/approved-250/source-marks/luxury-ultra-premium/altesse_air.png,completed-procedural,Global,GLB,category-led,/assets/airline-identities/approved-250/logos/luxury-ultra-premium/altesse_air.webp
enclave_airways,Enclave Airways,luxury-ultra-premium,Luxury / Ultra-Premium,10,15,/assets/airline-identities/approved-250/runtime-logos/luxury-ultra-premium/enclave_airways.png,/assets/airline-identities/approved-250/cards/luxury-ultra-premium/enclave_airways.webp,/assets/airline-identities/approved-250/source-marks/luxury-ultra-premium/enclave_airways.png,completed-procedural,Global,GLB,category-led,/assets/airline-identities/approved-250/logos/luxury-ultra-premium/enclave_airways.webp
hallmark_airlines,Hallmark Airlines,luxury-ultra-premium,Luxury / Ultra-Premium,10,16,/assets/airline-identities/approved-250/runtime-logos/luxury-ultra-premium/hallmark_airlines.png,/assets/airline-identities/approved-250/cards/luxury-ultra-premium/hallmark_airlines.webp,/assets/airline-identities/approved-250/source-marks/luxury-ultra-premium/hallmark_airlines.png,completed-procedural,Global,GLB,category-led,/assets/airline-identities/approved-250/logos/luxury-ultra-premium/hallmark_airlines.webp
reverie_air,Reverie Air,luxury-ultra-premium,Luxury / Ultra-Premium,10,17,/assets/airline-identities/approved-250/runtime-logos/luxury-ultra-premium/reverie_air.png,/assets/airline-identities/approved-250/cards/luxury-ultra-premium/reverie_air.webp,/assets/airline-identities/approved-250/source-marks/luxury-ultra-premium/reverie_air.png,completed-procedural,Global,GLB,category-led,/assets/airline-identities/approved-250/logos/luxury-ultra-premium/reverie_air.webp
dossier_airways,Dossier Airways,luxury-ultra-premium,Luxury / Ultra-Premium,10,18,/assets/airline-identities/approved-250/runtime-logos/luxury-ultra-premium/dossier_airways.png,/assets/airline-identities/approved-250/cards/luxury-ultra-premium/dossier_airways.webp,/assets/airline-identities/approved-250/source-marks/luxury-ultra-premium/dossier_airways.png,completed-procedural,Global,GLB,category-led,/assets/airline-identities/approved-250/logos/luxury-ultra-premium/dossier_airways.webp
astral_class_air,Astral Class Air,luxury-ultra-premium,Luxury / Ultra-Premium,10,19,/assets/airline-identities/approved-250/runtime-logos/luxury-ultra-premium/astral_class_air.png,/assets/airline-identities/approved-250/cards/luxury-ultra-premium/astral_class_air.webp,/assets/airline-identities/approved-250/source-marks/luxury-ultra-premium/astral_class_air.png,completed-procedural,Global,GLB,category-led,/assets/airline-identities/approved-250/logos/luxury-ultra-premium/astral_class_air.webp
chambre_airlines,Chambre Airlines,luxury-ultra-premium,Luxury / Ultra-Premium,10,20,/assets/airline-identities/approved-250/runtime-logos/luxury-ultra-premium/chambre_airlines.png,/assets/airline-identities/approved-250/cards/luxury-ultra-premium/chambre_airlines.webp,/assets/airline-identities/approved-250/source-marks/luxury-ultra-premium/chambre_airlines.png,completed-procedural,Global,GLB,category-led,/assets/airline-identities/approved-250/logos/luxury-ultra-premium/chambre_airlines.webp
atelier_airways,Atelier Airways,luxury-ultra-premium,Luxury / Ultra-Premium,10,21,/assets/airline-identities/approved-250/runtime-logos/luxury-ultra-premium/atelier_airways.png,/assets/airline-identities/approved-250/cards/luxury-ultra-premium/atelier_airways.webp,/assets/airline-identities/approved-250/source-marks/luxury-ultra-premium/atelier_airways.png,completed-procedural,Global,GLB,category-led,/assets/airline-identities/approved-250/logos/luxury-ultra-premium/atelier_airways.webp
riviera_air,Riviera Air,luxury-ultra-premium,Luxury / Ultra-Premium,10,22,/assets/airline-identities/approved-250/runtime-logos/luxury-ultra-premium/riviera_air.png,/assets/airline-identities/approved-250/cards/luxury-ultra-premium/riviera_air.webp,/assets/airline-identities/approved-250/source-marks/luxury-ultra-premium/riviera_air.png,completed-procedural,Global,GLB,category-led,/assets/airline-identities/approved-250/logos/luxury-ultra-premium/riviera_air.webp
consul_airlines,Consul Airlines,luxury-ultra-premium,Luxury / Ultra-Premium,10,23,/assets/airline-identities/approved-250/runtime-logos/luxury-ultra-premium/consul_airlines.png,/assets/airline-identities/approved-250/cards/luxury-ultra-premium/consul_airlines.webp,/assets/airline-identities/approved-250/source-marks/luxury-ultra-premium/consul_airlines.png,completed-procedural,Global,GLB,category-led,/assets/airline-identities/approved-250/logos/luxury-ultra-premium/consul_airlines.webp
paragon_airways,Paragon Airways,luxury-ultra-premium,Luxury / Ultra-Premium,10,24,/assets/airline-identities/approved-250/runtime-logos/luxury-ultra-premium/paragon_airways.png,/assets/airline-identities/approved-250/cards/luxury-ultra-premium/paragon_airways.webp,/assets/airline-identities/approved-250/source-marks/luxury-ultra-premium/paragon_airways.png,completed-procedural,Global,GLB,category-led,/assets/airline-identities/approved-250/logos/luxury-ultra-premium/paragon_airways.webp
sanctum_air,Sanctum Air,luxury-ultra-premium,Luxury / Ultra-Premium,10,25,/assets/airline-identities/approved-250/runtime-logos/luxury-ultra-premium/sanctum_air.png,/assets/airline-identities/approved-250/cards/luxury-ultra-premium/sanctum_air.webp,/assets/airline-identities/approved-250/source-marks/luxury-ultra-premium/sanctum_air.png,completed-procedural,Global,GLB,category-led,/assets/airline-identities/approved-250/logos/luxury-ultra-premium/sanctum_air.webp
